grade,subject,chapter,step_title,sections_found,sections_total,missing_sections,overall_score,critical,high,audited_at
Grade 10,English,Supplementary Reader - Chapter 1: A Triumph of Surgery,Concept introduction,8,8,,50,3,7,2026-06-29T11:19:25.336152+00:00
Grade 10,English,Supplementary Reader - Chapter 1: A Triumph of Surgery,Revision and recap,7,8,introduction,44,2,7,2026-06-29T11:19:25.337201+00:00
Grade 10,English,Supplementary Reader - Chapter 1: A Triumph of Surgery,Core explanation,8,8,,50,2,6,2026-06-29T11:19:25.338322+00:00
Grade 10,English,Supplementary Reader - Chapter 1: A Triumph of Surgery,Exam preparation,8,8,,50,3,5,2026-06-29T11:19:25.339427+00:00
Grade 10,English,Supplementary Reader - Chapter 1: A Triumph of Surgery,Exam-style problems,7,8,introduction,44,9,7,2026-06-29T11:19:25.341110+00:00
Grade 10,English,Supplementary Reader - Chapter 1: A Triumph of Surgery,Worked examples,7,8,introduction,46,3,2,2026-06-29T11:19:25.342617+00:00
Grade 10,English,Supplementary Reader - Chapter 2: The Thief's Story,Exam-style problems,8,8,,85,0,3,2026-06-29T11:19:25.344816+00:00
Grade 10,English,Supplementary Reader - Chapter 2: The Thief's Story,Concept introduction,8,8,,50,3,7,2026-06-29T11:19:25.345641+00:00
Grade 10,English,Supplementary Reader - Chapter 2: The Thief's Story,Revision and recap,7,8,introduction,44,3,6,2026-06-29T11:19:25.346787+00:00
Grade 10,English,Supplementary Reader - Chapter 2: The Thief's Story,Core explanation,8,8,,58,1,6,2026-06-29T11:19:25.347880+00:00
Grade 10,English,Supplementary Reader - Chapter 2: The Thief's Story,Worked examples,7,8,introduction,44,2,5,2026-06-29T11:19:25.349393+00:00
Grade 10,English,Supplementary Reader - Chapter 2: The Thief's Story,Exam preparation,7,8,introduction,44,4,4,2026-06-29T11:19:25.350736+00:00
Grade 10,English,Supplementary Reader - Chapter 3: The Midnight Visitor,Core explanation,8,8,,50,2,6,2026-06-29T11:19:25.351682+00:00
Grade 10,English,Supplementary Reader - Chapter 3: The Midnight Visitor,Exam preparation,7,8,introduction,44,3,5,2026-06-29T11:19:25.352657+00:00
Grade 10,English,Supplementary Reader - Chapter 3: The Midnight Visitor,Revision and recap,8,8,,50,2,6,2026-06-29T11:19:25.353451+00:00
Grade 10,English,Supplementary Reader - Chapter 3: The Midnight Visitor,Exam-style problems,7,8,introduction,72,1,2,2026-06-29T11:19:25.355503+00:00
Grade 10,English,Supplementary Reader - Chapter 3: The Midnight Visitor,Concept introduction,8,8,,50,3,7,2026-06-29T11:19:25.356236+00:00
Grade 10,English,Supplementary Reader - Chapter 3: The Midnight Visitor,Worked examples,7,8,introduction,44,3,4,2026-06-29T11:19:25.357466+00:00
Grade 10,English,Supplementary Reader - Chapter 4: A Question of Trust,Exam-style problems,8,8,,50,2,8,2026-06-29T11:19:25.358582+00:00
Grade 10,English,Supplementary Reader - Chapter 4: A Question of Trust,Worked examples,7,8,introduction,44,8,6,2026-06-29T11:19:25.359700+00:00
Grade 10,English,Supplementary Reader - Chapter 4: A Question of Trust,Exam preparation,7,8,introduction,44,5,4,2026-06-29T11:19:25.360556+00:00
Grade 10,English,Supplementary Reader - Chapter 4: A Question of Trust,Revision and recap,8,8,,50,3,4,2026-06-29T11:19:25.361408+00:00
Grade 10,English,Supplementary Reader - Chapter 4: A Question of Trust,Core explanation,7,8,introduction,44,3,7,2026-06-29T11:19:25.362290+00:00
Grade 10,English,Supplementary Reader - Chapter 4: A Question of Trust,Concept introduction,7,8,introduction,44,8,7,2026-06-29T11:19:25.364192+00:00
Grade 10,English,Supplementary Reader - Chapter 5: Footprints without Feet,Revision and recap,8,8,,50,3,5,2026-06-29T11:19:25.365311+00:00
Grade 10,English,Supplementary Reader - Chapter 5: Footprints without Feet,Concept introduction,8,8,,50,3,8,2026-06-29T11:19:25.366422+00:00
Grade 10,English,Supplementary Reader - Chapter 5: Footprints without Feet,Exam preparation,7,8,introduction,44,3,3,2026-06-29T11:19:25.367582+00:00
Grade 10,English,Supplementary Reader - Chapter 5: Footprints without Feet,Worked examples,7,8,introduction,44,4,4,2026-06-29T11:19:25.368681+00:00
Grade 10,English,Supplementary Reader - Chapter 5: Footprints without Feet,Exam-style problems,7,8,introduction,44,3,5,2026-06-29T11:19:25.370031+00:00
Grade 10,English,Supplementary Reader - Chapter 5: Footprints without Feet,Core explanation,7,8,introduction,44,4,3,2026-06-29T11:19:25.371375+00:00
Grade 10,English,Supplementary Reader - Chapter 6: The Making of a Scientist,Exam-style problems,7,8,introduction,44,2,5,2026-06-29T11:19:25.372680+00:00
Grade 10,English,Supplementary Reader - Chapter 6: The Making of a Scientist,Revision and recap,8,8,,50,3,4,2026-06-29T11:19:25.373815+00:00
Grade 10,English,Supplementary Reader - Chapter 6: The Making of a Scientist,Worked examples,7,8,introduction,44,4,4,2026-06-29T11:19:25.374804+00:00
Grade 10,English,Supplementary Reader - Chapter 6: The Making of a Scientist,Concept introduction,8,8,,50,2,5,2026-06-29T11:19:25.375686+00:00
Grade 10,English,Supplementary Reader - Chapter 6: The Making of a Scientist,Core explanation,7,8,introduction,44,3,6,2026-06-29T11:19:25.376882+00:00
Grade 10,English,Supplementary Reader - Chapter 6: The Making of a Scientist,Exam preparation,7,8,introduction,44,4,6,2026-06-29T11:19:25.377778+00:00
Grade 10,English,Supplementary Reader - Chapter 7: The Necklace,Worked examples,7,8,introduction,54,2,3,2026-06-29T11:19:25.380256+00:00
Grade 10,English,Supplementary Reader - Chapter 7: The Necklace,Exam-style problems,8,8,,50,3,6,2026-06-29T11:19:25.381345+00:00
Grade 10,English,Supplementary Reader - Chapter 7: The Necklace,Revision and recap,7,8,introduction,44,3,5,2026-06-29T11:19:25.382300+00:00
Grade 10,English,Supplementary Reader - Chapter 7: The Necklace,Core explanation,7,8,introduction,44,3,5,2026-06-29T11:19:25.383514+00:00
Grade 10,English,Supplementary Reader - Chapter 7: The Necklace,Concept introduction,8,8,,50,3,5,2026-06-29T11:19:25.384301+00:00
Grade 10,English,Supplementary Reader - Chapter 7: The Necklace,Exam preparation,8,8,,58,1,6,2026-06-29T11:19:25.385554+00:00
Grade 10,English,Supplementary Reader - Chapter 8: Bholi,Worked examples,7,8,introduction,44,3,3,2026-06-29T11:19:25.387081+00:00
Grade 10,English,Supplementary Reader - Chapter 8: Bholi,Revision and recap,8,8,,52,1,7,2026-06-29T11:19:25.388165+00:00
Grade 10,English,Supplementary Reader - Chapter 8: Bholi,Exam-style problems,8,8,,50,8,9,2026-06-29T11:19:25.389176+00:00
Grade 10,English,Supplementary Reader - Chapter 8: Bholi,Exam preparation,7,8,introduction,44,6,6,2026-06-29T11:19:25.390098+00:00
Grade 10,English,Supplementary Reader - Chapter 8: Bholi,Concept introduction,8,8,,50,3,7,2026-06-29T11:19:25.391169+00:00
Grade 10,English,Supplementary Reader - Chapter 8: Bholi,Core explanation,8,8,,50,9,7,2026-06-29T11:19:25.392554+00:00
Grade 10,English,Supplementary Reader - Chapter 9: The Book That Saved the Earth,Exam preparation,7,8,introduction,49,2,4,2026-06-29T11:19:25.393947+00:00
Grade 10,English,Supplementary Reader - Chapter 9: The Book That Saved the Earth,Revision and recap,8,8,,50,2,5,2026-06-29T11:19:25.395192+00:00
Grade 10,English,Supplementary Reader - Chapter 9: The Book That Saved the Earth,Worked examples,7,8,introduction,44,3,7,2026-06-29T11:19:25.396162+00:00
Grade 10,English,Supplementary Reader - Chapter 9: The Book That Saved the Earth,Core explanation,8,8,,50,2,5,2026-06-29T11:19:25.397275+00:00
Grade 10,English,Supplementary Reader - Chapter 9: The Book That Saved the Earth,Exam-style problems,7,8,introduction,49,2,4,2026-06-29T11:19:25.398534+00:00
Grade 10,English,Supplementary Reader - Chapter 9: The Book That Saved the Earth,Concept introduction,8,8,,50,3,7,2026-06-29T11:19:25.399735+00:00
Grade 10,English,Text Book - Chapter 1: A Letter to God,Core explanation,7,8,introduction,44,3,3,2026-06-29T11:19:25.400841+00:00
Grade 10,English,Text Book - Chapter 1: A Letter to God,Exam preparation,7,8,introduction,44,4,2,2026-06-29T11:19:25.402198+00:00
Grade 10,English,Text Book - Chapter 1: A Letter to God,Worked examples,7,8,introduction,44,3,7,2026-06-29T11:19:25.403301+00:00
Grade 10,English,Text Book - Chapter 1: A Letter to God,Exam-style problems,7,8,introduction,44,9,6,2026-06-29T11:19:25.404685+00:00
Grade 10,English,Text Book - Chapter 1: A Letter to God,Revision and recap,7,8,introduction,44,5,5,2026-06-29T11:19:25.405698+00:00
Grade 10,English,Text Book - Chapter 1: A Letter to God,Concept introduction,8,8,,50,3,3,2026-06-29T11:19:25.406762+00:00
Grade 10,English,Text Book - Chapter 2: Nelson Mandela: Long Walk to Freedom,Revision and recap,7,8,introduction,44,3,7,2026-06-29T11:19:25.408555+00:00
Grade 10,English,Text Book - Chapter 2: Nelson Mandela: Long Walk to Freedom,Concept introduction,7,8,introduction,44,3,6,2026-06-29T11:19:25.409808+00:00
Grade 10,English,Text Book - Chapter 2: Nelson Mandela: Long Walk to Freedom,Core explanation,7,8,introduction,44,3,5,2026-06-29T11:19:25.411229+00:00
Grade 10,English,Text Book - Chapter 2: Nelson Mandela: Long Walk to Freedom,Exam preparation,8,8,,50,2,5,2026-06-29T11:19:25.412243+00:00
Grade 10,English,Text Book - Chapter 2: Nelson Mandela: Long Walk to Freedom,Worked examples,7,8,introduction,44,4,3,2026-06-29T11:19:25.413339+00:00
Grade 10,English,Text Book - Chapter 2: Nelson Mandela: Long Walk to Freedom,Exam-style problems,8,8,,50,2,9,2026-06-29T11:19:25.414376+00:00
Grade 10,English,Text Book - Chapter 3: Two Stories about Flying,Exam preparation,7,8,introduction,44,4,5,2026-06-29T11:19:25.415860+00:00
Grade 10,English,Text Book - Chapter 3: Two Stories about Flying,Concept introduction,8,8,,50,3,3,2026-06-29T11:19:25.417025+00:00
Grade 10,English,Text Book - Chapter 3: Two Stories about Flying,Core explanation,7,8,introduction,44,3,3,2026-06-29T11:19:25.418564+00:00
Grade 10,English,Text Book - Chapter 3: Two Stories about Flying,Worked examples,7,8,introduction,44,4,5,2026-06-29T11:19:25.420095+00:00
Grade 10,English,Text Book - Chapter 3: Two Stories about Flying,Revision and recap,8,8,,72,1,3,2026-06-29T11:19:25.421211+00:00
Grade 10,English,Text Book - Chapter 3: Two Stories about Flying,Exam-style problems,7,8,introduction,44,3,4,2026-06-29T11:19:25.422966+00:00
Grade 10,English,Text Book - Chapter 4: From the Diary of Anne Frank,Concept introduction,8,8,,50,2,7,2026-06-29T11:19:25.423947+00:00
Grade 10,English,Text Book - Chapter 4: From the Diary of Anne Frank,Revision and recap,7,8,introduction,44,9,4,2026-06-29T11:19:25.425313+00:00
Grade 10,English,Text Book - Chapter 4: From the Diary of Anne Frank,Exam preparation,8,8,,62,1,5,2026-06-29T11:19:25.426917+00:00
Grade 10,English,Text Book - Chapter 4: From the Diary of Anne Frank,Exam-style problems,8,8,,50,5,6,2026-06-29T11:19:25.427999+00:00
Grade 10,English,Text Book - Chapter 4: From the Diary of Anne Frank,Worked examples,7,8,introduction,44,4,6,2026-06-29T11:19:25.428947+00:00
Grade 10,English,Text Book - Chapter 4: From the Diary of Anne Frank,Core explanation,8,8,,50,3,6,2026-06-29T11:19:25.430628+00:00
Grade 10,English,Text Book - Chapter 5: Glimpses of India,Exam-style problems,7,8,introduction,44,8,3,2026-06-29T11:19:25.431752+00:00
Grade 10,English,Text Book - Chapter 5: Glimpses of India,Revision and recap,7,8,introduction,44,8,5,2026-06-29T11:19:25.432704+00:00
Grade 10,English,Text Book - Chapter 5: Glimpses of India,Exam preparation,7,8,introduction,44,7,5,2026-06-29T11:19:25.433825+00:00
Grade 10,English,Text Book - Chapter 5: Glimpses of India,Concept introduction,8,8,,50,3,6,2026-06-29T11:19:25.434579+00:00
Grade 10,English,Text Book - Chapter 5: Glimpses of India,Worked examples,7,8,introduction,44,8,7,2026-06-29T11:19:25.435713+00:00
Grade 10,English,Text Book - Chapter 5: Glimpses of India,Core explanation,8,8,,50,2,5,2026-06-29T11:19:25.437098+00:00
Grade 10,English,Text Book - Chapter 6: Mijbil the Otter,Exam-style problems,7,8,introduction,44,3,6,2026-06-29T11:19:25.438487+00:00
Grade 10,English,Text Book - Chapter 6: Mijbil the Otter,Worked examples,7,8,introduction,44,2,8,2026-06-29T11:19:25.439485+00:00
Grade 10,English,Text Book - Chapter 6: Mijbil the Otter,Revision and recap,7,8,introduction,44,3,4,2026-06-29T11:19:25.440499+00:00
Grade 10,English,Text Book - Chapter 6: Mijbil the Otter,Concept introduction,8,8,,50,4,4,2026-06-29T11:19:25.441625+00:00
Grade 10,English,Text Book - Chapter 6: Mijbil the Otter,Exam preparation,7,8,introduction,44,4,6,2026-06-29T11:19:25.442972+00:00
Grade 10,English,Text Book - Chapter 6: Mijbil the Otter,Core explanation,7,8,introduction,44,3,6,2026-06-29T11:19:25.444098+00:00
Grade 10,English,Text Book - Chapter 7: Madam Rides the Bus,Exam preparation,7,8,introduction,44,7,6,2026-06-29T11:19:25.445372+00:00
Grade 10,English,Text Book - Chapter 7: Madam Rides the Bus,Revision and recap,7,8,introduction,44,3,6,2026-06-29T11:19:25.446343+00:00
Grade 10,English,Text Book - Chapter 7: Madam Rides the Bus,Concept introduction,8,8,,50,2,7,2026-06-29T11:19:25.447343+00:00
Grade 10,English,Text Book - Chapter 7: Madam Rides the Bus,Exam-style problems,5,8,introduction;what you will learn;step-by-step breakdown,31,4,6,2026-06-29T11:19:25.448624+00:00
Grade 10,English,Text Book - Chapter 7: Madam Rides the Bus,Worked examples,7,8,introduction,44,4,5,2026-06-29T11:19:25.449470+00:00
Grade 10,English,Text Book - Chapter 7: Madam Rides the Bus,Core explanation,7,8,introduction,44,2,5,2026-06-29T11:19:25.450694+00:00
Grade 10,English,Text Book - Chapter 8: The Sermon at Benares,Worked examples,8,8,,50,1,10,2026-06-29T11:19:25.451907+00:00
Grade 10,English,Text Book - Chapter 8: The Sermon at Benares,Exam preparation,7,8,introduction,44,1,8,2026-06-29T11:19:25.453040+00:00
Grade 10,English,Text Book - Chapter 8: The Sermon at Benares,Exam-style problems,8,8,,50,3,7,2026-06-29T11:19:25.454036+00:00
Grade 10,English,Text Book - Chapter 8: The Sermon at Benares,Core explanation,8,8,,50,8,4,2026-06-29T11:19:25.455426+00:00
Grade 10,English,Text Book - Chapter 8: The Sermon at Benares,Revision and recap,7,8,introduction,44,2,5,2026-06-29T11:19:25.456621+00:00
Grade 10,English,Text Book - Chapter 8: The Sermon at Benares,Concept introduction,8,8,,50,3,6,2026-06-29T11:19:25.457597+00:00
Grade 10,English,Text Book - Chapter 9: The Proposal,Exam preparation,8,8,,62,1,5,2026-06-29T11:19:25.458854+00:00
Grade 10,English,Text Book - Chapter 9: The Proposal,Exam-style problems,8,8,,55,2,4,2026-06-29T11:19:25.459893+00:00
Grade 10,English,Text Book - Chapter 9: The Proposal,Revision and recap,8,8,,50,4,6,2026-06-29T11:19:25.460860+00:00
Grade 10,English,Text Book - Chapter 9: The Proposal,Concept introduction,8,8,,50,3,4,2026-06-29T11:19:25.462009+00:00
Grade 10,English,Text Book - Chapter 9: The Proposal,Core explanation,7,8,introduction,44,4,6,2026-06-29T11:19:25.463287+00:00
Grade 10,English,Text Book - Chapter 9: The Proposal,Worked examples,7,8,introduction,44,3,6,2026-06-29T11:19:25.464432+00:00
Grade 10,English,Workbook - Chapter 1: A Letter to God,Core explanation,7,8,introduction,44,3,3,2026-06-29T11:19:25.465512+00:00
Grade 10,English,Workbook - Chapter 1: A Letter to God,Exam preparation,7,8,introduction,44,4,2,2026-06-29T11:19:25.466923+00:00
Grade 10,English,Workbook - Chapter 1: A Letter to God,Revision and recap,7,8,introduction,44,5,5,2026-06-29T11:19:25.467858+00:00
Grade 10,English,Workbook - Chapter 1: A Letter to God,Worked examples,7,8,introduction,44,3,7,2026-06-29T11:19:25.468934+00:00
Grade 10,English,Workbook - Chapter 1: A Letter to God,Concept introduction,8,8,,50,3,3,2026-06-29T11:19:25.469698+00:00
Grade 10,English,Workbook - Chapter 1: A Letter to God,Exam-style problems,7,8,introduction,44,9,6,2026-06-29T11:19:25.470886+00:00
Grade 10,English,Workbook - Chapter 2: Nelson Mandela — Long Walk to Freedom,Exam preparation,7,8,introduction,44,7,5,2026-06-29T11:19:25.472582+00:00
Grade 10,English,Workbook - Chapter 2: Nelson Mandela — Long Walk to Freedom,Revision and recap,7,8,introduction,44,4,5,2026-06-29T11:19:25.473577+00:00
Grade 10,English,Workbook - Chapter 2: Nelson Mandela — Long Walk to Freedom,Worked examples,7,8,introduction,44,4,6,2026-06-29T11:19:25.474794+00:00
Grade 10,English,Workbook - Chapter 2: Nelson Mandela — Long Walk to Freedom,Core explanation,7,8,introduction,44,3,6,2026-06-29T11:19:25.475907+00:00
Grade 10,English,Workbook - Chapter 2: Nelson Mandela — Long Walk to Freedom,Exam-style problems,8,8,,50,2,5,2026-06-29T11:19:25.476884+00:00
Grade 10,English,Workbook - Chapter 2: Nelson Mandela — Long Walk to Freedom,Concept introduction,7,8,introduction,54,2,3,2026-06-29T11:19:25.478168+00:00
Grade 10,English,Workbook - Chapter 3: Two Stories About Flying,Exam-style problems,7,8,introduction,44,3,4,2026-06-29T11:19:25.479876+00:00
Grade 10,English,Workbook - Chapter 3: Two Stories About Flying,Concept introduction,8,8,,50,3,3,2026-06-29T11:19:25.481070+00:00
Grade 10,English,Workbook - Chapter 3: Two Stories About Flying,Worked examples,7,8,introduction,44,4,5,2026-06-29T11:19:25.482530+00:00
Grade 10,English,Workbook - Chapter 3: Two Stories About Flying,Exam preparation,7,8,introduction,44,4,5,2026-06-29T11:19:25.484043+00:00
Grade 10,English,Workbook - Chapter 3: Two Stories About Flying,Core explanation,7,8,introduction,44,3,3,2026-06-29T11:19:25.485534+00:00
Grade 10,English,Workbook - Chapter 3: Two Stories About Flying,Revision and recap,8,8,,72,1,3,2026-06-29T11:19:25.486554+00:00
Grade 10,English,Workbook - Chapter 4: From the Diary of Anne Frank,Revision and recap,7,8,introduction,44,9,4,2026-06-29T11:19:25.487928+00:00
Grade 10,English,Workbook - Chapter 4: From the Diary of Anne Frank,Exam-style problems,8,8,,50,5,6,2026-06-29T11:19:25.489107+00:00
Grade 10,English,Workbook - Chapter 4: From the Diary of Anne Frank,Exam preparation,8,8,,62,1,5,2026-06-29T11:19:25.490726+00:00
Grade 10,English,Workbook - Chapter 4: From the Diary of Anne Frank,Concept introduction,8,8,,50,2,7,2026-06-29T11:19:25.491800+00:00
Grade 10,English,Workbook - Chapter 4: From the Diary of Anne Frank,Worked examples,7,8,introduction,44,4,6,2026-06-29T11:19:25.492772+00:00
Grade 10,English,Workbook - Chapter 4: From the Diary of Anne Frank,Core explanation,8,8,,50,3,6,2026-06-29T11:19:25.494233+00:00
Grade 10,English,Workbook - Chapter 5: Glimpses of India,Revision and recap,7,8,introduction,44,8,5,2026-06-29T11:19:25.495165+00:00
Grade 10,English,Workbook - Chapter 5: Glimpses of India,Exam-style problems,7,8,introduction,44,8,3,2026-06-29T11:19:25.496251+00:00
Grade 10,English,Workbook - Chapter 5: Glimpses of India,Concept introduction,8,8,,50,3,6,2026-06-29T11:19:25.496972+00:00
Grade 10,English,Workbook - Chapter 5: Glimpses of India,Exam preparation,7,8,introduction,44,7,5,2026-06-29T11:19:25.498067+00:00
Grade 10,English,Workbook - Chapter 5: Glimpses of India,Worked examples,7,8,introduction,44,8,7,2026-06-29T11:19:25.499201+00:00
Grade 10,English,Workbook - Chapter 5: Glimpses of India,Core explanation,8,8,,50,2,5,2026-06-29T11:19:25.500589+00:00
Grade 10,English,Workbook - Chapter 6: Mijbil the Otter,Worked examples,7,8,introduction,44,2,8,2026-06-29T11:19:25.501594+00:00
Grade 10,English,Workbook - Chapter 6: Mijbil the Otter,Exam-style problems,7,8,introduction,44,3,6,2026-06-29T11:19:25.502966+00:00
Grade 10,English,Workbook - Chapter 6: Mijbil the Otter,Revision and recap,7,8,introduction,44,3,4,2026-06-29T11:19:25.503948+00:00
Grade 10,English,Workbook - Chapter 6: Mijbil the Otter,Exam preparation,7,8,introduction,44,4,6,2026-06-29T11:19:25.505305+00:00
Grade 10,English,Workbook - Chapter 6: Mijbil the Otter,Concept introduction,8,8,,50,4,4,2026-06-29T11:19:25.506372+00:00
Grade 10,English,Workbook - Chapter 6: Mijbil the Otter,Core explanation,7,8,introduction,44,3,6,2026-06-29T11:19:25.507532+00:00
Grade 10,English,Workbook - Chapter 7: Madam Rides the Bus,Exam preparation,7,8,introduction,44,7,6,2026-06-29T11:19:25.508833+00:00
Grade 10,English,Workbook - Chapter 7: Madam Rides the Bus,Exam-style problems,5,8,introduction;what you will learn;step-by-step breakdown,31,4,6,2026-06-29T11:19:25.510118+00:00
Grade 10,English,Workbook - Chapter 7: Madam Rides the Bus,Core explanation,7,8,introduction,44,2,5,2026-06-29T11:19:25.511328+00:00
Grade 10,English,Workbook - Chapter 7: Madam Rides the Bus,Concept introduction,8,8,,50,2,7,2026-06-29T11:19:25.512341+00:00
Grade 10,English,Workbook - Chapter 7: Madam Rides the Bus,Worked examples,7,8,introduction,44,4,5,2026-06-29T11:19:25.513205+00:00
Grade 10,English,Workbook - Chapter 7: Madam Rides the Bus,Revision and recap,7,8,introduction,44,3,6,2026-06-29T11:19:25.514178+00:00
Grade 10,English,Workbook - Chapter 8: The Sermon at Benares,Worked examples,8,8,,50,1,10,2026-06-29T11:19:25.515315+00:00
Grade 10,English,Workbook - Chapter 8: The Sermon at Benares,Concept introduction,8,8,,50,3,6,2026-06-29T11:19:25.516355+00:00
Grade 10,English,Workbook - Chapter 8: The Sermon at Benares,Revision and recap,7,8,introduction,44,2,5,2026-06-29T11:19:25.517604+00:00
Grade 10,English,Workbook - Chapter 8: The Sermon at Benares,Core explanation,8,8,,50,8,4,2026-06-29T11:19:25.519027+00:00
Grade 10,English,Workbook - Chapter 8: The Sermon at Benares,Exam preparation,7,8,introduction,44,1,8,2026-06-29T11:19:25.520158+00:00
Grade 10,English,Workbook - Chapter 8: The Sermon at Benares,Exam-style problems,8,8,,50,3,7,2026-06-29T11:19:25.521152+00:00
Grade 10,English,Workbook - Chapter 9: The Proposal,Core explanation,7,8,introduction,44,4,6,2026-06-29T11:19:25.522404+00:00
Grade 10,English,Workbook - Chapter 9: The Proposal,Worked examples,7,8,introduction,44,3,6,2026-06-29T11:19:25.523539+00:00
Grade 10,English,Workbook - Chapter 9: The Proposal,Exam-style problems,8,8,,55,2,4,2026-06-29T11:19:25.524642+00:00
Grade 10,English,Workbook - Chapter 9: The Proposal,Revision and recap,8,8,,50,4,6,2026-06-29T11:19:25.525612+00:00
Grade 10,English,Workbook - Chapter 9: The Proposal,Concept introduction,8,8,,50,3,4,2026-06-29T11:19:25.526747+00:00
Grade 10,English,Workbook - Chapter 9: The Proposal,Exam preparation,8,8,,62,1,5,2026-06-29T11:19:25.528003+00:00
Grade 10,Hindi,अध्याय 1: सूरदास,Concept introduction,0,8,introduction;what you will learn;simple explanation;step-by-step breakdown;worked example;common mistake;quick check question;summary,0,8,0,2026-06-29T11:19:25.529114+00:00
Grade 10,Hindi,अध्याय 1: सूरदास,Revision and recap,0,8,introduction;what you will learn;simple explanation;step-by-step breakdown;worked example;common mistake;quick check question;summary,0,8,0,2026-06-29T11:19:25.530343+00:00
Grade 10,Hindi,अध्याय 1: सूरदास,Worked examples,7,8,introduction,44,2,6,2026-06-29T11:19:25.531495+00:00
Grade 10,Hindi,अध्याय 1: सूरदास,Exam preparation,7,8,introduction,52,1,6,2026-06-29T11:19:25.532896+00:00
Grade 10,Hindi,अध्याय 1: सूरदास,Exam-style problems,0,8,introduction;what you will learn;simple explanation;step-by-step breakdown;worked example;common mistake;quick check question;summary,0,8,0,2026-06-29T11:19:25.533855+00:00
Grade 10,Hindi,अध्याय 1: सूरदास,Core explanation,7,8,introduction,44,3,5,2026-06-29T11:19:25.534863+00:00
Grade 10,Hindi,अध्याय 10: मन्नू भंडारी,Exam-style problems,8,8,,65,0,7,2026-06-29T11:19:25.535930+00:00
Grade 10,Hindi,अध्याय 10: मन्नू भंडारी,Concept introduction,8,8,,50,2,5,2026-06-29T11:19:25.536872+00:00
Grade 10,Hindi,अध्याय 10: मन्नू भंडारी,Revision and recap,7,8,introduction,44,4,3,2026-06-29T11:19:25.538093+00:00
Grade 10,Hindi,अध्याय 10: मन्नू भंडारी,Exam preparation,8,8,,50,7,6,2026-06-29T11:19:25.539166+00:00
Grade 10,Hindi,अध्याय 10: मन्नू भंडारी,Worked examples,7,8,introduction,44,2,5,2026-06-29T11:19:25.540363+00:00
Grade 10,Hindi,अध्याय 10: मन्नू भंडारी,Core explanation,7,8,introduction,44,3,4,2026-06-29T11:19:25.541636+00:00
Grade 10,Hindi,अध्याय 11: यतींद्र मिश्र,Concept introduction,7,8,introduction,62,1,4,2026-06-29T11:19:25.543086+00:00
Grade 10,Hindi,अध्याय 11: यतींद्र मिश्र,Revision and recap,7,8,introduction,46,1,7,2026-06-29T11:19:25.544565+00:00
Grade 10,Hindi,अध्याय 11: यतींद्र मिश्र,Core explanation,7,8,introduction,44,3,3,2026-06-29T11:19:25.546045+00:00
Grade 10,Hindi,अध्याय 11: यतींद्र मिश्र,Exam-style problems,7,8,introduction,44,7,4,2026-06-29T11:19:25.547924+00:00
Grade 10,Hindi,अध्याय 11: यतींद्र मिश्र,Worked examples,7,8,introduction,62,1,4,2026-06-29T11:19:25.549149+00:00
Grade 10,Hindi,अध्याय 11: यतींद्र मिश्र,Exam preparation,7,8,introduction,44,2,5,2026-06-29T11:19:25.550663+00:00
Grade 10,Hindi,अध्याय 12: भदंत आनंद कौसल्यायन,Revision and recap,0,8,introduction;what you will learn;simple explanation;step-by-step breakdown;worked example;common mistake;quick check question;summary,0,8,0,2026-06-29T11:19:25.551928+00:00
Grade 10,Hindi,अध्याय 12: भदंत आनंद कौसल्यायन,Core explanation,7,8,introduction,44,3,4,2026-06-29T11:19:25.553014+00:00
Grade 10,Hindi,अध्याय 12: भदंत आनंद कौसल्यायन,Exam preparation,7,8,introduction,59,2,2,2026-06-29T11:19:25.554239+00:00
Grade 10,Hindi,अध्याय 12: भदंत आनंद कौसल्यायन,Concept introduction,8,8,,50,3,3,2026-06-29T11:19:25.555233+00:00
Grade 10,Hindi,अध्याय 12: भदंत आनंद कौसल्यायन,Worked examples,7,8,introduction,44,2,5,2026-06-29T11:19:25.556511+00:00
Grade 10,Hindi,अध्याय 12: भदंत आनंद कौसल्यायन,Exam-style problems,7,8,introduction,44,3,4,2026-06-29T11:19:25.557650+00:00
Grade 10,Hindi,अध्याय 2: तुलसीदास,Core explanation,7,8,introduction,44,3,5,2026-06-29T11:19:25.558663+00:00
Grade 10,Hindi,अध्याय 2: तुलसीदास,Concept introduction,8,8,,50,3,5,2026-06-29T11:19:25.559641+00:00
Grade 10,Hindi,अध्याय 2: तुलसीदास,Exam preparation,7,8,introduction,44,2,7,2026-06-29T11:19:25.560690+00:00
Grade 10,Hindi,अध्याय 2: तुलसीदास,Revision and recap,7,8,introduction,44,2,6,2026-06-29T11:19:25.561669+00:00
Grade 10,Hindi,अध्याय 2: तुलसीदास,Worked examples,7,8,introduction,44,2,7,2026-06-29T11:19:25.562521+00:00
Grade 10,Hindi,अध्याय 2: तुलसीदास,Exam-style problems,0,8,introduction;what you will learn;simple explanation;step-by-step breakdown;worked example;common mistake;quick check question;summary,0,8,0,2026-06-29T11:19:25.563743+00:00
Grade 10,Hindi,अध्याय 3: जयशंकर प्रसाद,Exam preparation,7,8,introduction,46,1,7,2026-06-29T11:19:25.565098+00:00
Grade 10,Hindi,अध्याय 3: जयशंकर प्रसाद,Concept introduction,8,8,,50,3,5,2026-06-29T11:19:25.565997+00:00
Grade 10,Hindi,अध्याय 3: जयशंकर प्रसाद,Core explanation,7,8,introduction,44,3,3,2026-06-29T11:19:25.567297+00:00
Grade 10,Hindi,अध्याय 3: जयशंकर प्रसाद,Revision and recap,0,8,introduction;what you will learn;simple explanation;step-by-step breakdown;worked example;common mistake;quick check question;summary,0,8,0,2026-06-29T11:19:25.568649+00:00
Grade 10,Hindi,अध्याय 3: जयशंकर प्रसाद,Exam-style problems,7,8,introduction,52,1,6,2026-06-29T11:19:25.570050+00:00
Grade 10,Hindi,अध्याय 3: जयशंकर प्रसाद,Worked examples,8,8,,50,3,5,2026-06-29T11:19:25.571201+00:00
Grade 10,Hindi,अध्याय 4: सूर्यकांत त्रिपाठी 'निराला',Worked examples,7,8,introduction,44,4,4,2026-06-29T11:19:25.572105+00:00
Grade 10,Hindi,अध्याय 4: सूर्यकांत त्रिपाठी 'निराला',Concept introduction,8,8,,50,2,5,2026-06-29T11:19:25.573117+00:00
Grade 10,Hindi,अध्याय 4: सूर्यकांत त्रिपाठी 'निराला',Revision and recap,0,8,introduction;what you will learn;simple explanation;step-by-step breakdown;worked example;common mistake;quick check question;summary,0,8,0,2026-06-29T11:19:25.574239+00:00
Grade 10,Hindi,अध्याय 4: सूर्यकांत त्रिपाठी 'निराला',Exam preparation,8,8,,50,2,7,2026-06-29T11:19:25.575286+00:00
Grade 10,Hindi,अध्याय 4: सूर्यकांत त्रिपाठी 'निराला',Core explanation,8,8,,52,1,7,2026-06-29T11:19:25.576383+00:00
Grade 10,Hindi,अध्याय 4: सूर्यकांत त्रिपाठी 'निराला',Exam-style problems,7,8,introduction,44,3,6,2026-06-29T11:19:25.577331+00:00
Grade 10,Hindi,अध्याय 5: नागार्जुन,Revision and recap,7,8,introduction,44,2,6,2026-06-29T11:19:25.578715+00:00
Grade 10,Hindi,अध्याय 5: नागार्जुन,Exam-style problems,4,8,introduction;what you will learn;simple explanation;step-by-step breakdown,25,6,3,2026-06-29T11:19:25.580112+00:00
Grade 10,Hindi,अध्याय 5: नागार्जुन,Worked examples,7,8,introduction,44,3,5,2026-06-29T11:19:25.581359+00:00
Grade 10,Hindi,अध्याय 5: नागार्जुन,Exam preparation,7,8,introduction,44,4,4,2026-06-29T11:19:25.582508+00:00
Grade 10,Hindi,अध्याय 5: नागार्जुन,Core explanation,7,8,introduction,44,3,3,2026-06-29T11:19:25.583814+00:00
Grade 10,Hindi,अध्याय 5: नागार्जुन,Concept introduction,8,8,,60,2,3,2026-06-29T11:19:25.584866+00:00
Grade 10,Hindi,अध्याय 6: मंगलेश डबराल,Concept introduction,8,8,,50,3,3,2026-06-29T11:19:25.585829+00:00
Grade 10,Hindi,अध्याय 6: मंगलेश डबराल,Exam-style problems,7,8,introduction,44,2,6,2026-06-29T11:19:25.586797+00:00
Grade 10,Hindi,अध्याय 6: मंगलेश डबराल,Exam preparation,7,8,introduction,44,1,8,2026-06-29T11:19:25.587863+00:00
Grade 10,Hindi,अध्याय 6: मंगलेश डबराल,Core explanation,7,8,introduction,44,4,3,2026-06-29T11:19:25.589018+00:00
Grade 10,Hindi,अध्याय 6: मंगलेश डबराल,Worked examples,7,8,introduction,44,4,4,2026-06-29T11:19:25.590009+00:00
Grade 10,Hindi,अध्याय 6: मंगलेश डबराल,Revision and recap,7,8,introduction,44,4,4,2026-06-29T11:19:25.590931+00:00
Grade 10,Hindi,अध्याय 7: स्वयं प्रकाश,Core explanation,7,8,introduction,44,3,6,2026-06-29T11:19:25.591974+00:00
Grade 10,Hindi,अध्याय 7: स्वयं प्रकाश,Concept introduction,1,8,introduction;what you will learn;simple explanation;step-by-step breakdown;common mistake;quick check question;summary,6,8,0,2026-06-29T11:19:25.593295+00:00
Grade 10,Hindi,अध्याय 7: स्वयं प्रकाश,Worked examples,7,8,introduction,44,2,6,2026-06-29T11:19:25.594797+00:00
Grade 10,Hindi,अध्याय 7: स्वयं प्रकाश,Revision and recap,0,8,introduction;what you will learn;simple explanation;step-by-step breakdown;worked example;common mistake;quick check question;summary,0,8,0,2026-06-29T11:19:25.596007+00:00
Grade 10,Hindi,अध्याय 7: स्वयं प्रकाश,Exam-style problems,1,8,introduction;what you will learn;simple explanation;step-by-step breakdown;common mistake;quick check question;summary,6,8,0,2026-06-29T11:19:25.597270+00:00
Grade 10,Hindi,अध्याय 7: स्वयं प्रकाश,Exam preparation,7,8,introduction,44,2,7,2026-06-29T11:19:25.598516+00:00
Grade 10,Hindi,अध्याय 8: रामवृक्ष बेनीपुरी,Worked examples,7,8,introduction,44,6,6,2026-06-29T11:19:25.599433+00:00
Grade 10,Hindi,अध्याय 8: रामवृक्ष बेनीपुरी,Core explanation,7,8,introduction,44,3,4,2026-06-29T11:19:25.600509+00:00
Grade 10,Hindi,अध्याय 8: रामवृक्ष बेनीपुरी,Exam preparation,8,8,,50,7,7,2026-06-29T11:19:25.601515+00:00
Grade 10,Hindi,अध्याय 8: रामवृक्ष बेनीपुरी,Exam-style problems,0,8,introduction;what you will learn;simple explanation;step-by-step breakdown;worked example;common mistake;quick check question;summary,0,8,0,2026-06-29T11:19:25.603239+00:00
Grade 10,Hindi,अध्याय 8: रामवृक्ष बेनीपुरी,Concept introduction,8,8,,50,4,2,2026-06-29T11:19:25.604099+00:00
Grade 10,Hindi,अध्याय 8: रामवृक्ष बेनीपुरी,Revision and recap,7,8,introduction,59,2,2,2026-06-29T11:19:25.605269+00:00
Grade 10,Hindi,अध्याय 9: यशपाल,Revision and recap,0,8,introduction;what you will learn;simple explanation;step-by-step breakdown;worked example;common mistake;quick check question;summary,0,8,0,2026-06-29T11:19:25.606350+00:00
Grade 10,Hindi,अध्याय 9: यशपाल,Worked examples,6,8,introduction;what you will learn,38,6,6,2026-06-29T11:19:25.607398+00:00
Grade 10,Hindi,अध्याय 9: यशपाल,Exam-style problems,7,8,introduction,52,1,6,2026-06-29T11:19:25.608743+00:00
Grade 10,Hindi,अध्याय 9: यशपाल,Exam preparation,7,8,introduction,44,3,5,2026-06-29T11:19:25.609834+00:00
Grade 10,Hindi,अध्याय 9: यशपाल,Core explanation,7,8,introduction,44,4,5,2026-06-29T11:19:25.611041+00:00
Grade 10,Hindi,अध्याय 9: यशपाल,Concept introduction,0,8,introduction;what you will learn;simple explanation;step-by-step breakdown;worked example;common mistake;quick check question;summary,0,8,0,2026-06-29T11:19:25.612203+00:00
Grade 10,Maths,Chapter 1: Real Numbers,Exam-style problems,7,8,introduction,52,1,6,2026-06-29T11:19:25.613526+00:00
Grade 10,Maths,Chapter 1: Real Numbers,Core explanation,7,8,introduction,44,4,4,2026-06-29T11:19:25.614562+00:00
Grade 10,Maths,Chapter 1: Real Numbers,Revision and recap,7,8,introduction,44,5,4,2026-06-29T11:19:25.615435+00:00
Grade 10,Maths,Chapter 1: Real Numbers,Concept introduction,7,8,introduction,44,8,6,2026-06-29T11:19:25.616746+00:00
Grade 10,Maths,Chapter 1: Real Numbers,Exam preparation,7,8,introduction,44,5,4,2026-06-29T11:19:25.618095+00:00
Grade 10,Maths,Chapter 1: Real Numbers,Worked examples,7,8,introduction,44,4,5,2026-06-29T11:19:25.619310+00:00
Grade 10,Maths,Chapter 10: Circles,Revision and recap,7,8,introduction,44,8,4,2026-06-29T11:19:25.621026+00:00
Grade 10,Maths,Chapter 10: Circles,Core explanation,7,8,introduction,44,3,3,2026-06-29T11:19:25.622480+00:00
Grade 10,Maths,Chapter 10: Circles,Worked examples,7,8,introduction,44,3,6,2026-06-29T11:19:25.623943+00:00
Grade 10,Maths,Chapter 10: Circles,Exam preparation,7,8,introduction,44,9,5,2026-06-29T11:19:25.625565+00:00
Grade 10,Maths,Chapter 10: Circles,Concept introduction,7,8,introduction,44,8,3,2026-06-29T11:19:25.627259+00:00
Grade 10,Maths,Chapter 10: Circles,Exam-style problems,7,8,introduction,72,1,2,2026-06-29T11:19:25.629010+00:00
Grade 10,Maths,Chapter 11: Areas Related to Circles,Concept introduction,8,8,,50,6,3,2026-06-29T11:19:25.630210+00:00
Grade 10,Maths,Chapter 11: Areas Related to Circles,Revision and recap,7,8,introduction,44,4,4,2026-06-29T11:19:25.631587+00:00
Grade 10,Maths,Chapter 11: Areas Related to Circles,Exam preparation,7,8,introduction,44,3,5,2026-06-29T11:19:25.633203+00:00
Grade 10,Maths,Chapter 11: Areas Related to Circles,Exam-style problems,7,8,introduction,44,4,5,2026-06-29T11:19:25.634715+00:00
Grade 10,Maths,Chapter 11: Areas Related to Circles,Core explanation,7,8,introduction,44,5,3,2026-06-29T11:19:25.635942+00:00
Grade 10,Maths,Chapter 11: Areas Related to Circles,Worked examples,7,8,introduction,44,3,6,2026-06-29T11:19:25.637239+00:00
Grade 10,Maths,Chapter 12: Surface Areas and Volumes,Worked examples,7,8,introduction,44,3,7,2026-06-29T11:19:25.638752+00:00
Grade 10,Maths,Chapter 12: Surface Areas and Volumes,Concept introduction,8,8,,50,3,6,2026-06-29T11:19:25.639804+00:00
Grade 10,Maths,Chapter 12: Surface Areas and Volumes,Exam-style problems,7,8,introduction,44,6,2,2026-06-29T11:19:25.641421+00:00
Grade 10,Maths,Chapter 12: Surface Areas and Volumes,Revision and recap,8,8,,95,0,1,2026-06-29T11:19:25.645220+00:00
Grade 10,Maths,Chapter 12: Surface Areas and Volumes,Core explanation,7,8,introduction,44,8,5,2026-06-29T11:19:25.646469+00:00
Grade 10,Maths,Chapter 12: Surface Areas and Volumes,Exam preparation,7,8,introduction,44,4,4,2026-06-29T11:19:25.648046+00:00
Grade 10,Maths,Chapter 13: Statistics,Revision and recap,7,8,introduction,44,3,4,2026-06-29T11:19:25.650048+00:00
Grade 10,Maths,Chapter 13: Statistics,Concept introduction,7,8,introduction,44,3,3,2026-06-29T11:19:25.651530+00:00
Grade 10,Maths,Chapter 13: Statistics,Core explanation,7,8,introduction,44,4,6,2026-06-29T11:19:25.653041+00:00
Grade 10,Maths,Chapter 13: Statistics,Exam-style problems,7,8,introduction,62,1,4,2026-06-29T11:19:25.654771+00:00
Grade 10,Maths,Chapter 13: Statistics,Worked examples,7,8,introduction,44,9,4,2026-06-29T11:19:25.656328+00:00
Grade 10,Maths,Chapter 13: Statistics,Exam preparation,7,8,introduction,56,1,5,2026-06-29T11:19:25.657849+00:00
Grade 10,Maths,Chapter 14: Probability,Core explanation,7,8,introduction,44,5,3,2026-06-29T11:19:25.658877+00:00
Grade 10,Maths,Chapter 14: Probability,Concept introduction,8,8,,50,4,4,2026-06-29T11:19:25.659617+00:00
Grade 10,Maths,Chapter 14: Probability,Revision and recap,7,8,introduction,44,4,3,2026-06-29T11:19:25.660922+00:00
Grade 10,Maths,Chapter 14: Probability,Exam-style problems,7,8,introduction,49,2,4,2026-06-29T11:19:25.662312+00:00
Grade 10,Maths,Chapter 14: Probability,Worked examples,7,8,introduction,66,1,3,2026-06-29T11:19:25.664422+00:00
Grade 10,Maths,Chapter 14: Probability,Exam preparation,7,8,introduction,44,5,5,2026-06-29T11:19:25.665581+00:00
Grade 10,Maths,Chapter 2: Polynomials,Exam-style problems,5,8,introduction;what you will learn;common mistake,31,9,5,2026-06-29T11:19:25.667637+00:00
Grade 10,Maths,Chapter 2: Polynomials,Core explanation,7,8,introduction,44,4,5,2026-06-29T11:19:25.668951+00:00
Grade 10,Maths,Chapter 2: Polynomials,Revision and recap,6,8,what you will learn;step-by-step breakdown,38,4,5,2026-06-29T11:19:25.670059+00:00
Grade 10,Maths,Chapter 2: Polynomials,Worked examples,7,8,introduction,62,1,4,2026-06-29T11:19:25.672057+00:00
Grade 10,Maths,Chapter 2: Polynomials,Exam preparation,7,8,introduction,44,4,5,2026-06-29T11:19:25.673248+00:00
Grade 10,Maths,Chapter 2: Polynomials,Concept introduction,8,8,,50,4,5,2026-06-29T11:19:25.674352+00:00
Grade 10,Maths,Chapter 3: Pair of Linear Equations in Two Variables,Worked examples,7,8,what you will learn,44,9,10,2026-06-29T11:19:25.675795+00:00
Grade 10,Maths,Chapter 3: Pair of Linear Equations in Two Variables,Exam preparation,6,8,introduction;what you will learn,38,5,8,2026-06-29T11:19:25.677644+00:00
Grade 10,Maths,Chapter 3: Pair of Linear Equations in Two Variables,Concept introduction,7,8,what you will learn,44,5,6,2026-06-29T11:19:25.679394+00:00
Grade 10,Maths,Chapter 3: Pair of Linear Equations in Two Variables,Core explanation,7,8,introduction,62,1,4,2026-06-29T11:19:25.681295+00:00
Grade 10,Maths,Chapter 3: Pair of Linear Equations in Two Variables,Revision and recap,7,8,introduction,82,1,0,2026-06-29T11:19:25.683159+00:00
Grade 10,Maths,Chapter 3: Pair of Linear Equations in Two Variables,Exam-style problems,7,8,introduction,66,1,3,2026-06-29T11:19:25.685349+00:00
Grade 10,Maths,Chapter 4: Quadratic Equations,Exam-style problems,7,8,introduction,44,4,4,2026-06-29T11:19:25.686799+00:00
Grade 10,Maths,Chapter 4: Quadratic Equations,Revision and recap,7,8,introduction,44,6,8,2026-06-29T11:19:25.687980+00:00
Grade 10,Maths,Chapter 4: Quadratic Equations,Exam preparation,6,8,introduction;common mistake,38,6,5,2026-06-29T11:19:25.689658+00:00
Grade 10,Maths,Chapter 4: Quadratic Equations,Concept introduction,8,8,,50,5,5,2026-06-29T11:19:25.690880+00:00
Grade 10,Maths,Chapter 4: Quadratic Equations,Worked examples,5,8,introduction;what you will learn;common mistake,31,6,7,2026-06-29T11:19:25.692440+00:00
Grade 10,Maths,Chapter 4: Quadratic Equations,Core explanation,7,8,introduction,44,3,4,2026-06-29T11:19:25.693791+00:00
Grade 10,Maths,Chapter 5: Arithmetic Progressions,Revision and recap,7,8,introduction,62,1,4,2026-06-29T11:19:25.695298+00:00
Grade 10,Maths,Chapter 5: Arithmetic Progressions,Exam-style problems,7,8,introduction,44,5,6,2026-06-29T11:19:25.696685+00:00
Grade 10,Maths,Chapter 5: Arithmetic Progressions,Core explanation,7,8,introduction,44,4,5,2026-06-29T11:19:25.697913+00:00
Grade 10,Maths,Chapter 5: Arithmetic Progressions,Concept introduction,8,8,,55,2,4,2026-06-29T11:19:25.698762+00:00
Grade 10,Maths,Chapter 5: Arithmetic Progressions,Worked examples,7,8,introduction,44,3,4,2026-06-29T11:19:25.699877+00:00
Grade 10,Maths,Chapter 5: Arithmetic Progressions,Exam preparation,7,8,introduction,44,7,7,2026-06-29T11:19:25.701304+00:00
Grade 10,Maths,Chapter 6: Triangles,Worked examples,7,8,step-by-step breakdown,44,6,6,2026-06-29T11:19:25.702940+00:00
Grade 10,Maths,Chapter 6: Triangles,Exam preparation,7,8,introduction,44,4,6,2026-06-29T11:19:25.704267+00:00
Grade 10,Maths,Chapter 6: Triangles,Exam-style problems,7,8,introduction,44,5,4,2026-06-29T11:19:25.705400+00:00
Grade 10,Maths,Chapter 6: Triangles,Revision and recap,7,8,introduction,44,3,7,2026-06-29T11:19:25.706698+00:00
Grade 10,Maths,Chapter 6: Triangles,Concept introduction,7,8,introduction,44,3,4,2026-06-29T11:19:25.708178+00:00
Grade 10,Maths,Chapter 6: Triangles,Core explanation,7,8,introduction,44,3,4,2026-06-29T11:19:25.709549+00:00
Grade 10,Maths,Chapter 7: Coordinate Geometry,Revision and recap,7,8,introduction,44,7,5,2026-06-29T11:19:25.710913+00:00
Grade 10,Maths,Chapter 7: Coordinate Geometry,Exam preparation,7,8,introduction,44,3,6,2026-06-29T11:19:25.712003+00:00
Grade 10,Maths,Chapter 7: Coordinate Geometry,Exam-style problems,7,8,introduction,44,3,3,2026-06-29T11:19:25.713297+00:00
Grade 10,Maths,Chapter 7: Coordinate Geometry,Core explanation,7,8,introduction,44,8,4,2026-06-29T11:19:25.714403+00:00
Grade 10,Maths,Chapter 7: Coordinate Geometry,Concept introduction,7,8,introduction,49,2,4,2026-06-29T11:19:25.716132+00:00
Grade 10,Maths,Chapter 7: Coordinate Geometry,Worked examples,7,8,introduction,76,1,1,2026-06-29T11:19:25.717949+00:00
Grade 10,Maths,Chapter 8: Introduction to Trigonometry,Concept introduction,8,8,,50,3,3,2026-06-29T11:19:25.719264+00:00
Grade 10,Maths,Chapter 8: Introduction to Trigonometry,Exam-style problems,5,8,what you will learn;common mistake;quick check question,31,8,4,2026-06-29T11:19:25.721434+00:00
Grade 10,Maths,Chapter 8: Introduction to Trigonometry,Worked examples,7,8,common mistake,44,6,5,2026-06-29T11:19:25.722700+00:00
Grade 10,Maths,Chapter 8: Introduction to Trigonometry,Core explanation,7,8,introduction,44,8,5,2026-06-29T11:19:25.724543+00:00
Grade 10,Maths,Chapter 8: Introduction to Trigonometry,Exam preparation,8,8,,50,8,4,2026-06-29T11:19:25.725919+00:00
Grade 10,Maths,Chapter 8: Introduction to Trigonometry,Revision and recap,5,8,what you will learn;step-by-step breakdown;common mistake,31,9,7,2026-06-29T11:19:25.727624+00:00
Grade 10,Maths,Chapter 9: Some Applications of Trigonometry,Revision and recap,7,8,introduction,44,4,3,2026-06-29T11:19:25.728469+00:00
Grade 10,Maths,Chapter 9: Some Applications of Trigonometry,Worked examples,7,8,introduction,44,3,4,2026-06-29T11:19:25.729777+00:00
Grade 10,Maths,Chapter 9: Some Applications of Trigonometry,Exam preparation,7,8,introduction,44,2,5,2026-06-29T11:19:25.731187+00:00
Grade 10,Maths,Chapter 9: Some Applications of Trigonometry,Concept introduction,8,8,,50,3,4,2026-06-29T11:19:25.732162+00:00
Grade 10,Maths,Chapter 9: Some Applications of Trigonometry,Core explanation,7,8,introduction,44,3,4,2026-06-29T11:19:25.733660+00:00
Grade 10,Maths,Chapter 9: Some Applications of Trigonometry,Exam-style problems,7,8,introduction,54,2,3,2026-06-29T11:19:25.735213+00:00
Grade 10,Maths,Exemplar: Areas Related to Circles,Exam-style problems,7,8,introduction,44,2,6,2026-06-29T11:19:25.736615+00:00
Grade 10,Maths,Exemplar: Areas Related to Circles,Worked examples,6,8,introduction;what you will learn,62,2,0,2026-06-29T11:19:25.739432+00:00
Grade 10,Maths,Exemplar: Areas Related to Circles,Core explanation,7,8,introduction,62,1,4,2026-06-29T11:19:25.741163+00:00
Grade 10,Maths,Exemplar: Areas Related to Circles,Revision and recap,7,8,introduction,62,1,4,2026-06-29T11:19:25.743422+00:00
Grade 10,Maths,Exemplar: Areas Related to Circles,Exam preparation,7,8,introduction,66,1,3,2026-06-29T11:19:25.745415+00:00
Grade 10,Maths,Exemplar: Areas Related to Circles,Concept introduction,7,8,introduction,66,1,3,2026-06-29T11:19:25.747369+00:00
Grade 10,Maths,Exemplar: Arithmetic Progressions,Exam-style problems,7,8,introduction,66,1,3,2026-06-29T11:19:25.749657+00:00
Grade 10,Maths,Exemplar: Arithmetic Progressions,Worked examples,6,8,introduction;summary,48,2,3,2026-06-29T11:19:25.751216+00:00
Grade 10,Maths,Exemplar: Arithmetic Progressions,Revision and recap,7,8,introduction,62,1,4,2026-06-29T11:19:25.752805+00:00
Grade 10,Maths,Exemplar: Arithmetic Progressions,Core explanation,7,8,introduction,66,1,3,2026-06-29T11:19:25.754245+00:00
Grade 10,Maths,Exemplar: Arithmetic Progressions,Concept introduction,7,8,introduction,66,1,3,2026-06-29T11:19:25.755913+00:00
Grade 10,Maths,Exemplar: Arithmetic Progressions,Exam preparation,7,8,introduction,66,1,3,2026-06-29T11:19:25.758017+00:00
Grade 10,Maths,Exemplar: Circles,Concept introduction,7,8,introduction,62,1,4,2026-06-29T11:19:25.760003+00:00
Grade 10,Maths,Exemplar: Circles,Exam-style problems,7,8,introduction,66,1,3,2026-06-29T11:19:25.762394+00:00
Grade 10,Maths,Exemplar: Circles,Worked examples,3,8,introduction;what you will learn;step-by-step breakdown;common mistake;summary,19,5,2,2026-06-29T11:19:25.764199+00:00
Grade 10,Maths,Exemplar: Circles,Revision and recap,7,8,introduction,44,2,6,2026-06-29T11:19:25.765174+00:00
Grade 10,Maths,Exemplar: Circles,Exam preparation,4,8,introduction;common mistake;quick check question;summary,25,4,1,2026-06-29T11:19:25.771029+00:00
Grade 10,Maths,Exemplar: Circles,Core explanation,7,8,introduction,49,2,4,2026-06-29T11:19:25.772893+00:00
Grade 10,Maths,Exemplar: Constructions,Exam preparation,7,8,introduction,72,1,2,2026-06-29T11:19:25.775468+00:00
Grade 10,Maths,Exemplar: Constructions,Concept introduction,6,8,introduction;summary,42,2,4,2026-06-29T11:19:25.777217+00:00
Grade 10,Maths,Exemplar: Constructions,Core explanation,7,8,introduction,62,1,4,2026-06-29T11:19:25.779130+00:00
Grade 10,Maths,Exemplar: Constructions,Revision and recap,7,8,introduction,62,1,4,2026-06-29T11:19:25.781560+00:00
Grade 10,Maths,Exemplar: Constructions,Worked examples,7,8,introduction,66,1,3,2026-06-29T11:19:25.783718+00:00
Grade 10,Maths,Exemplar: Constructions,Exam-style problems,7,8,introduction,66,1,3,2026-06-29T11:19:25.786149+00:00
Grade 10,Maths,Exemplar: Coordinate Geometry,Core explanation,7,8,introduction,44,3,5,2026-06-29T11:19:25.787605+00:00
Grade 10,Maths,Exemplar: Coordinate Geometry,Concept introduction,7,8,introduction,49,2,4,2026-06-29T11:19:25.789151+00:00
Grade 10,Maths,Exemplar: Coordinate Geometry,Exam preparation,7,8,introduction,62,1,4,2026-06-29T11:19:25.791507+00:00
Grade 10,Maths,Exemplar: Coordinate Geometry,Worked examples,7,8,introduction,49,2,4,2026-06-29T11:19:25.794216+00:00
Grade 10,Maths,Exemplar: Coordinate Geometry,Exam-style problems,7,8,introduction,62,1,4,2026-06-29T11:19:25.796904+00:00
Grade 10,Maths,Exemplar: Coordinate Geometry,Revision and recap,7,8,introduction,54,2,3,2026-06-29T11:19:25.798282+00:00
Grade 10,Maths,Exemplar: Introduction to Trigonometry and Its Applications,Exam preparation,7,8,introduction,44,3,6,2026-06-29T11:19:25.799379+00:00
Grade 10,Maths,Exemplar: Introduction to Trigonometry and Its Applications,Exam-style problems,7,8,introduction,62,1,4,2026-06-29T11:19:25.801522+00:00
Grade 10,Maths,Exemplar: Introduction to Trigonometry and Its Applications,Concept introduction,7,8,summary,66,1,3,2026-06-29T11:19:25.803986+00:00
Grade 10,Maths,Exemplar: Introduction to Trigonometry and Its Applications,Core explanation,7,8,introduction,62,1,4,2026-06-29T11:19:25.806009+00:00
Grade 10,Maths,Exemplar: Introduction to Trigonometry and Its Applications,Worked examples,7,8,introduction,62,1,4,2026-06-29T11:19:25.808263+00:00
Grade 10,Maths,Exemplar: Introduction to Trigonometry and Its Applications,Revision and recap,7,8,introduction,72,1,2,2026-06-29T11:19:25.810757+00:00
Grade 10,Maths,Exemplar: Pair of Linear Equations in Two Variables,Concept introduction,7,8,introduction,66,1,3,2026-06-29T11:19:25.812712+00:00
Grade 10,Maths,Exemplar: Pair of Linear Equations in Two Variables,Core explanation,7,8,introduction,66,1,3,2026-06-29T11:19:25.815931+00:00
Grade 10,Maths,Exemplar: Pair of Linear Equations in Two Variables,Revision and recap,7,8,introduction,62,1,4,2026-06-29T11:19:25.817799+00:00
Grade 10,Maths,Exemplar: Pair of Linear Equations in Two Variables,Exam-style problems,7,8,introduction,76,1,1,2026-06-29T11:19:25.820621+00:00
Grade 10,Maths,Exemplar: Pair of Linear Equations in Two Variables,Worked examples,7,8,introduction,66,1,3,2026-06-29T11:19:25.823298+00:00
Grade 10,Maths,Exemplar: Pair of Linear Equations in Two Variables,Exam preparation,7,8,introduction,72,1,2,2026-06-29T11:19:25.825422+00:00
Grade 10,Maths,Exemplar: Polynomials,Exam preparation,7,8,introduction,62,1,4,2026-06-29T11:19:25.827261+00:00
Grade 10,Maths,Exemplar: Polynomials,Worked examples,7,8,introduction,62,1,4,2026-06-29T11:19:25.829329+00:00
Grade 10,Maths,Exemplar: Polynomials,Core explanation,7,8,introduction,62,1,4,2026-06-29T11:19:25.831413+00:00
Grade 10,Maths,Exemplar: Polynomials,Concept introduction,8,8,,80,0,4,2026-06-29T11:19:25.834027+00:00
Grade 10,Maths,Exemplar: Polynomials,Exam-style problems,7,8,introduction,66,1,3,2026-06-29T11:19:25.836959+00:00
Grade 10,Maths,Exemplar: Polynomials,Revision and recap,7,8,introduction,49,2,4,2026-06-29T11:19:25.838228+00:00
Grade 10,Maths,Exemplar: Probability,Exam-style problems,7,8,introduction,44,7,6,2026-06-29T11:19:25.839903+00:00
Grade 10,Maths,Exemplar: Probability,Concept introduction,8,8,,50,2,6,2026-06-29T11:19:25.840900+00:00
Grade 10,Maths,Exemplar: Probability,Revision and recap,7,8,introduction,44,3,7,2026-06-29T11:19:25.841721+00:00
Grade 10,Maths,Exemplar: Probability,Exam preparation,7,8,introduction,44,7,3,2026-06-29T11:19:25.843424+00:00
Grade 10,Maths,Exemplar: Probability,Core explanation,7,8,introduction,44,7,4,2026-06-29T11:19:25.845037+00:00
Grade 10,Maths,Exemplar: Probability,Worked examples,7,8,introduction,44,7,5,2026-06-29T11:19:25.846833+00:00
Grade 10,Maths,Exemplar: Quadratic Equations,Concept introduction,7,8,introduction,62,1,4,2026-06-29T11:19:25.848918+00:00
Grade 10,Maths,Exemplar: Quadratic Equations,Revision and recap,7,8,introduction,62,1,4,2026-06-29T11:19:25.851638+00:00
Grade 10,Maths,Exemplar: Quadratic Equations,Core explanation,7,8,introduction,72,1,2,2026-06-29T11:19:25.853499+00:00
Grade 10,Maths,Exemplar: Quadratic Equations,Worked examples,7,8,introduction,44,3,7,2026-06-29T11:19:25.854467+00:00
Grade 10,Maths,Exemplar: Quadratic Equations,Exam-style problems,7,8,introduction,44,2,5,2026-06-29T11:19:25.855599+00:00
Grade 10,Maths,Exemplar: Quadratic Equations,Exam preparation,7,8,introduction,46,1,7,2026-06-29T11:19:25.856880+00:00
Grade 10,Maths,Exemplar: Real Numbers,Exam-style problems,7,8,introduction,44,3,5,2026-06-29T11:19:25.858419+00:00
Grade 10,Maths,Exemplar: Real Numbers,Revision and recap,7,8,introduction,76,1,1,2026-06-29T11:19:25.861527+00:00
Grade 10,Maths,Exemplar: Real Numbers,Core explanation,7,8,introduction,66,1,3,2026-06-29T11:19:25.863693+00:00
Grade 10,Maths,Exemplar: Real Numbers,Worked examples,7,8,introduction,44,3,5,2026-06-29T11:19:25.865234+00:00
Grade 10,Maths,Exemplar: Real Numbers,Concept introduction,8,8,,80,0,4,2026-06-29T11:19:25.867473+00:00
Grade 10,Maths,Exemplar: Real Numbers,Exam preparation,4,8,introduction;common mistake;quick check question;summary,25,4,1,2026-06-29T11:19:25.870043+00:00
Grade 10,Maths,Exemplar: Statistics,Exam preparation,7,8,introduction,44,4,3,2026-06-29T11:19:25.873057+00:00
Grade 10,Maths,Exemplar: Statistics,Exam-style problems,7,8,introduction,62,1,4,2026-06-29T11:19:25.875433+00:00
Grade 10,Maths,Exemplar: Statistics,Core explanation,7,8,introduction,66,1,3,2026-06-29T11:19:25.877746+00:00
Grade 10,Maths,Exemplar: Statistics,Concept introduction,7,8,introduction,72,1,2,2026-06-29T11:19:25.880015+00:00
Grade 10,Maths,Exemplar: Statistics,Worked examples,6,8,introduction;summary,38,3,5,2026-06-29T11:19:25.881515+00:00
Grade 10,Maths,Exemplar: Statistics,Revision and recap,7,8,introduction,62,1,4,2026-06-29T11:19:25.883789+00:00
Grade 10,Maths,Exemplar: Statistics and Probability,Revision and recap,7,8,introduction,62,1,4,2026-06-29T11:19:25.886130+00:00
Grade 10,Maths,Exemplar: Statistics and Probability,Core explanation,7,8,introduction,66,1,3,2026-06-29T11:19:25.888335+00:00
Grade 10,Maths,Exemplar: Statistics and Probability,Concept introduction,7,8,introduction,72,1,2,2026-06-29T11:19:25.890597+00:00
Grade 10,Maths,Exemplar: Statistics and Probability,Worked examples,6,8,introduction;summary,38,3,5,2026-06-29T11:19:25.892068+00:00
Grade 10,Maths,Exemplar: Statistics and Probability,Exam-style problems,7,8,introduction,62,1,4,2026-06-29T11:19:25.894467+00:00
Grade 10,Maths,Exemplar: Statistics and Probability,Exam preparation,7,8,introduction,44,4,3,2026-06-29T11:19:25.897485+00:00
Grade 10,Maths,Exemplar: Surface Areas and Volumes,Exam preparation,7,8,introduction,44,1,8,2026-06-29T11:19:25.898874+00:00
Grade 10,Maths,Exemplar: Surface Areas and Volumes,Worked examples,7,8,introduction,44,2,5,2026-06-29T11:19:25.900585+00:00
Grade 10,Maths,Exemplar: Surface Areas and Volumes,Concept introduction,7,8,introduction,72,1,2,2026-06-29T11:19:25.903524+00:00
Grade 10,Maths,Exemplar: Surface Areas and Volumes,Core explanation,6,8,introduction;summary,42,2,4,2026-06-29T11:19:25.905565+00:00
Grade 10,Maths,Exemplar: Surface Areas and Volumes,Exam-style problems,7,8,introduction,62,1,4,2026-06-29T11:19:25.908249+00:00
Grade 10,Maths,Exemplar: Surface Areas and Volumes,Revision and recap,7,8,introduction,44,3,6,2026-06-29T11:19:25.909424+00:00
Grade 10,Maths,Exemplar: Triangles,Revision and recap,7,8,introduction,66,1,3,2026-06-29T11:19:25.912135+00:00
Grade 10,Maths,Exemplar: Triangles,Exam preparation,7,8,introduction,62,1,4,2026-06-29T11:19:25.915095+00:00
Grade 10,Maths,Exemplar: Triangles,Concept introduction,7,8,introduction,72,1,2,2026-06-29T11:19:25.917583+00:00
Grade 10,Maths,Exemplar: Triangles,Worked examples,5,8,introduction;what you will learn;step-by-step breakdown,34,3,2,2026-06-29T11:19:25.919417+00:00
Grade 10,Maths,Exemplar: Triangles,Core explanation,7,8,introduction,66,1,3,2026-06-29T11:19:25.921716+00:00
Grade 10,Maths,Exemplar: Triangles,Exam-style problems,6,8,introduction;what you will learn,48,2,3,2026-06-29T11:19:25.923682+00:00
Grade 10,Science,Chapter 1: Chemical Reactions and Equations,Core explanation,7,8,introduction,44,4,5,2026-06-29T11:19:25.925157+00:00
Grade 10,Science,Chapter 1: Chemical Reactions and Equations,Concept introduction,7,8,introduction,44,4,4,2026-06-29T11:19:25.926455+00:00
Grade 10,Science,Chapter 1: Chemical Reactions and Equations,Exam preparation,7,8,step-by-step breakdown,44,3,4,2026-06-29T11:19:25.927946+00:00
Grade 10,Science,Chapter 1: Chemical Reactions and Equations,Revision and recap,7,8,introduction,44,5,5,2026-06-29T11:19:25.928908+00:00
Grade 10,Science,Chapter 1: Chemical Reactions and Equations,Worked examples,7,8,introduction,44,8,7,2026-06-29T11:19:25.930344+00:00
Grade 10,Science,Chapter 1: Chemical Reactions and Equations,Exam-style problems,7,8,introduction,44,8,4,2026-06-29T11:19:25.931986+00:00
Grade 10,Science,Chapter 10: The Human Eye and the Colourful World,Exam preparation,7,8,introduction,44,5,4,2026-06-29T11:19:25.933475+00:00
Grade 10,Science,Chapter 10: The Human Eye and the Colourful World,Concept introduction,8,8,,50,4,2,2026-06-29T11:19:25.934938+00:00
Grade 10,Science,Chapter 10: The Human Eye and the Colourful World,Worked examples,7,8,introduction,46,3,2,2026-06-29T11:19:25.936229+00:00
Grade 10,Science,Chapter 10: The Human Eye and the Colourful World,Core explanation,7,8,introduction,44,4,0,2026-06-29T11:19:25.937822+00:00
Grade 10,Science,Chapter 10: The Human Eye and the Colourful World,Revision and recap,7,8,introduction,44,8,2,2026-06-29T11:19:25.939680+00:00
Grade 10,Science,Chapter 10: The Human Eye and the Colourful World,Exam-style problems,7,8,introduction,54,2,3,2026-06-29T11:19:25.941213+00:00
Grade 10,Science,Chapter 11: Electricity,Revision and recap,7,8,introduction,44,5,2,2026-06-29T11:19:25.942461+00:00
Grade 10,Science,Chapter 11: Electricity,Worked examples,7,8,introduction,44,4,5,2026-06-29T11:19:25.943526+00:00
Grade 10,Science,Chapter 11: Electricity,Exam-style problems,7,8,introduction,44,4,5,2026-06-29T11:19:25.944891+00:00
Grade 10,Science,Chapter 11: Electricity,Concept introduction,8,8,,50,4,4,2026-06-29T11:19:25.946072+00:00
Grade 10,Science,Chapter 11: Electricity,Exam preparation,7,8,introduction,44,8,6,2026-06-29T11:19:25.947683+00:00
Grade 10,Science,Chapter 11: Electricity,Core explanation,7,8,introduction,44,3,4,2026-06-29T11:19:25.949192+00:00
Grade 10,Science,Chapter 12: Magnetic Effects of Electric Current,Core explanation,7,8,introduction,44,4,4,2026-06-29T11:19:25.950592+00:00
Grade 10,Science,Chapter 12: Magnetic Effects of Electric Current,Revision and recap,7,8,introduction,44,4,3,2026-06-29T11:19:25.951853+00:00
Grade 10,Science,Chapter 12: Magnetic Effects of Electric Current,Exam-style problems,7,8,introduction,44,3,4,2026-06-29T11:19:25.953341+00:00
Grade 10,Science,Chapter 12: Magnetic Effects of Electric Current,Worked examples,7,8,introduction,44,7,3,2026-06-29T11:19:25.954507+00:00
Grade 10,Science,Chapter 12: Magnetic Effects of Electric Current,Exam preparation,7,8,introduction,44,9,5,2026-06-29T11:19:25.956146+00:00
Grade 10,Science,Chapter 12: Magnetic Effects of Electric Current,Concept introduction,8,8,,52,3,2,2026-06-29T11:19:25.957393+00:00
Grade 10,Science,Chapter 13: Our Environment,Concept introduction,8,8,,50,4,6,2026-06-29T11:19:25.958110+00:00
Grade 10,Science,Chapter 13: Our Environment,Worked examples,7,8,introduction,44,7,5,2026-06-29T11:19:25.959954+00:00
Grade 10,Science,Chapter 13: Our Environment,Revision and recap,7,8,introduction,44,5,5,2026-06-29T11:19:25.960950+00:00
Grade 10,Science,Chapter 13: Our Environment,Exam preparation,7,8,introduction,44,4,6,2026-06-29T11:19:25.962325+00:00
Grade 10,Science,Chapter 13: Our Environment,Core explanation,7,8,introduction,44,4,3,2026-06-29T11:19:25.963603+00:00
Grade 10,Science,Chapter 13: Our Environment,Exam-style problems,7,8,introduction,44,7,7,2026-06-29T11:19:25.964881+00:00
Grade 10,Science,"Chapter 2: Acids, Bases and Salts",Exam-style problems,7,8,introduction,44,2,6,2026-06-29T11:19:25.966181+00:00
Grade 10,Science,"Chapter 2: Acids, Bases and Salts",Exam preparation,7,8,introduction,44,4,5,2026-06-29T11:19:25.967723+00:00
Grade 10,Science,"Chapter 2: Acids, Bases and Salts",Concept introduction,8,8,,50,3,4,2026-06-29T11:19:25.968636+00:00
Grade 10,Science,"Chapter 2: Acids, Bases and Salts",Revision and recap,7,8,introduction,44,5,4,2026-06-29T11:19:25.969686+00:00
Grade 10,Science,"Chapter 2: Acids, Bases and Salts",Core explanation,7,8,introduction,44,4,5,2026-06-29T11:19:25.971012+00:00
Grade 10,Science,"Chapter 2: Acids, Bases and Salts",Worked examples,7,8,introduction,44,3,4,2026-06-29T11:19:25.971986+00:00
Grade 10,Science,Chapter 3: Metals and Non-metals,Worked examples,7,8,introduction,44,2,9,2026-06-29T11:19:25.973146+00:00
Grade 10,Science,Chapter 3: Metals and Non-metals,Exam-style problems,7,8,introduction,44,8,7,2026-06-29T11:19:25.974640+00:00
Grade 10,Science,Chapter 3: Metals and Non-metals,Concept introduction,7,8,introduction,44,7,6,2026-06-29T11:19:25.976199+00:00
Grade 10,Science,Chapter 3: Metals and Non-metals,Revision and recap,7,8,introduction,44,3,5,2026-06-29T11:19:25.977481+00:00
Grade 10,Science,Chapter 3: Metals and Non-metals,Core explanation,7,8,introduction,44,4,4,2026-06-29T11:19:25.978795+00:00
Grade 10,Science,Chapter 3: Metals and Non-metals,Exam preparation,7,8,introduction,44,3,6,2026-06-29T11:19:25.979796+00:00
Grade 10,Science,Chapter 4: Carbon and Its Compounds,Worked examples,7,8,introduction,44,4,6,2026-06-29T11:19:25.980649+00:00
Grade 10,Science,Chapter 4: Carbon and Its Compounds,Exam preparation,7,8,introduction,44,4,8,2026-06-29T11:19:25.981848+00:00
Grade 10,Science,Chapter 4: Carbon and Its Compounds,Exam-style problems,7,8,introduction,44,3,7,2026-06-29T11:19:25.983061+00:00
Grade 10,Science,Chapter 4: Carbon and Its Compounds,Revision and recap,7,8,introduction,44,2,6,2026-06-29T11:19:25.984457+00:00
Grade 10,Science,Chapter 4: Carbon and Its Compounds,Core explanation,7,8,introduction,44,2,5,2026-06-29T11:19:25.986128+00:00
Grade 10,Science,Chapter 4: Carbon and Its Compounds,Concept introduction,8,8,,50,4,7,2026-06-29T11:19:25.987111+00:00
Grade 10,Science,Chapter 5: Life Processes,Exam-style problems,7,8,introduction,44,2,8,2026-06-29T11:19:25.988717+00:00
Grade 10,Science,Chapter 5: Life Processes,Worked examples,7,8,introduction,44,8,5,2026-06-29T11:19:25.990647+00:00
Grade 10,Science,Chapter 5: Life Processes,Core explanation,7,8,introduction,44,4,6,2026-06-29T11:19:25.991841+00:00
Grade 10,Science,Chapter 5: Life Processes,Exam preparation,7,8,introduction,44,2,5,2026-06-29T11:19:25.993183+00:00
Grade 10,Science,Chapter 5: Life Processes,Revision and recap,7,8,introduction,44,5,5,2026-06-29T11:19:25.994181+00:00
Grade 10,Science,Chapter 5: Life Processes,Concept introduction,7,8,introduction,62,1,4,2026-06-29T11:19:25.995617+00:00
Grade 10,Science,Chapter 6: Control and Coordination,Worked examples,7,8,introduction,44,4,5,2026-06-29T11:19:25.996529+00:00
Grade 10,Science,Chapter 6: Control and Coordination,Core explanation,7,8,introduction,44,7,6,2026-06-29T11:19:25.998002+00:00
Grade 10,Science,Chapter 6: Control and Coordination,Exam-style problems,7,8,introduction,44,1,8,2026-06-29T11:19:25.999058+00:00
Grade 10,Science,Chapter 6: Control and Coordination,Revision and recap,7,8,introduction,56,1,5,2026-06-29T11:19:26.000756+00:00
Grade 10,Science,Chapter 6: Control and Coordination,Concept introduction,8,8,,50,9,9,2026-06-29T11:19:26.002329+00:00
Grade 10,Science,Chapter 6: Control and Coordination,Exam preparation,7,8,introduction,44,3,3,2026-06-29T11:19:26.003971+00:00
Grade 10,Science,Chapter 7: How do Organisms Reproduce?,Exam-style problems,7,8,introduction,52,1,6,2026-06-29T11:19:26.005086+00:00
Grade 10,Science,Chapter 7: How do Organisms Reproduce?,Concept introduction,8,8,,65,0,7,2026-06-29T11:19:26.006377+00:00
Grade 10,Science,Chapter 7: How do Organisms Reproduce?,Worked examples,7,8,introduction,46,1,7,2026-06-29T11:19:26.007641+00:00
Grade 10,Science,Chapter 7: How do Organisms Reproduce?,Revision and recap,8,8,,55,2,4,2026-06-29T11:19:26.008650+00:00
Grade 10,Science,Chapter 7: How do Organisms Reproduce?,Exam preparation,8,8,,62,1,5,2026-06-29T11:19:26.010277+00:00
Grade 10,Science,Chapter 7: How do Organisms Reproduce?,Core explanation,8,8,,50,3,5,2026-06-29T11:19:26.011581+00:00
Grade 10,Science,Chapter 8: Heredity,Exam preparation,7,8,introduction,44,8,5,2026-06-29T11:19:26.013458+00:00
Grade 10,Science,Chapter 8: Heredity,Concept introduction,8,8,,50,9,7,2026-06-29T11:19:26.014860+00:00
Grade 10,Science,Chapter 8: Heredity,Worked examples,7,8,introduction,44,5,5,2026-06-29T11:19:26.015988+00:00
Grade 10,Science,Chapter 8: Heredity,Exam-style problems,7,8,introduction,44,8,4,2026-06-29T11:19:26.017480+00:00
Grade 10,Science,Chapter 8: Heredity,Revision and recap,8,8,,50,3,6,2026-06-29T11:19:26.018315+00:00
Grade 10,Science,Chapter 8: Heredity,Core explanation,7,8,introduction,44,9,6,2026-06-29T11:19:26.020022+00:00
Grade 10,Science,Chapter 9: Light – Reflection and Refraction,Revision and recap,7,8,introduction,44,2,6,2026-06-29T11:19:26.021622+00:00
Grade 10,Science,Chapter 9: Light – Reflection and Refraction,Concept introduction,8,8,,50,4,4,2026-06-29T11:19:26.022704+00:00
Grade 10,Science,Chapter 9: Light – Reflection and Refraction,Exam-style problems,7,8,introduction,44,3,3,2026-06-29T11:19:26.024276+00:00
Grade 10,Science,Chapter 9: Light – Reflection and Refraction,Worked examples,7,8,introduction,66,1,3,2026-06-29T11:19:26.026394+00:00
Grade 10,Science,Chapter 9: Light – Reflection and Refraction,Core explanation,7,8,introduction,44,4,5,2026-06-29T11:19:26.027523+00:00
Grade 10,Science,Chapter 9: Light – Reflection and Refraction,Exam preparation,7,8,introduction,44,3,3,2026-06-29T11:19:26.029170+00:00
Grade 10,Science,"Exemplar: Acids, Bases and Salts",Exam-style problems,7,8,introduction,44,8,6,2026-06-29T11:19:26.030862+00:00
Grade 10,Science,"Exemplar: Acids, Bases and Salts",Concept introduction,7,8,introduction,44,7,3,2026-06-29T11:19:26.032665+00:00
Grade 10,Science,"Exemplar: Acids, Bases and Salts",Core explanation,7,8,introduction,44,7,1,2026-06-29T11:19:26.035090+00:00
Grade 10,Science,"Exemplar: Acids, Bases and Salts",Revision and recap,7,8,introduction,44,8,3,2026-06-29T11:19:26.036659+00:00
Grade 10,Science,"Exemplar: Acids, Bases and Salts",Worked examples,7,8,introduction,44,2,5,2026-06-29T11:19:26.038548+00:00
Grade 10,Science,"Exemplar: Acids, Bases and Salts",Exam preparation,7,8,introduction,44,9,8,2026-06-29T11:19:26.039818+00:00
Grade 10,Science,Exemplar: Carbon and Its Compounds,Concept introduction,7,8,introduction,44,7,1,2026-06-29T11:19:26.042245+00:00
Grade 10,Science,Exemplar: Carbon and Its Compounds,Revision and recap,7,8,introduction,44,7,3,2026-06-29T11:19:26.043920+00:00
Grade 10,Science,Exemplar: Carbon and Its Compounds,Core explanation,7,8,introduction,44,7,3,2026-06-29T11:19:26.046053+00:00
Grade 10,Science,Exemplar: Carbon and Its Compounds,Exam-style problems,7,8,introduction,59,2,2,2026-06-29T11:19:26.049020+00:00
Grade 10,Science,Exemplar: Carbon and Its Compounds,Worked examples,7,8,introduction,44,8,7,2026-06-29T11:19:26.051083+00:00
Grade 10,Science,Exemplar: Carbon and Its Compounds,Exam preparation,7,8,introduction,44,7,4,2026-06-29T11:19:26.053183+00:00
Grade 10,Science,Exemplar: Carbon and Its Compounds (Advanced),Core explanation,7,8,introduction,44,8,6,2026-06-29T11:19:26.055388+00:00
Grade 10,Science,Exemplar: Carbon and Its Compounds (Advanced),Concept introduction,7,8,introduction,62,1,4,2026-06-29T11:19:26.057792+00:00
Grade 10,Science,Exemplar: Carbon and Its Compounds (Advanced),Exam-style problems,7,8,introduction,59,2,2,2026-06-29T11:19:26.060734+00:00
Grade 10,Science,Exemplar: Carbon and Its Compounds (Advanced),Worked examples,7,8,introduction,44,9,5,2026-06-29T11:19:26.062630+00:00
Grade 10,Science,Exemplar: Carbon and Its Compounds (Advanced),Exam preparation,7,8,introduction,44,6,7,2026-06-29T11:19:26.064538+00:00
Grade 10,Science,Exemplar: Carbon and Its Compounds (Advanced),Revision and recap,7,8,introduction,44,8,4,2026-06-29T11:19:26.066461+00:00
Grade 10,Science,Exemplar: Chemical Reactions and Equations,Exam preparation,8,8,,50,7,1,2026-06-29T11:19:26.068557+00:00
Grade 10,Science,Exemplar: Chemical Reactions and Equations,Worked examples,7,8,introduction,44,3,8,2026-06-29T11:19:26.069764+00:00
Grade 10,Science,Exemplar: Chemical Reactions and Equations,Exam-style problems,7,8,introduction,44,2,7,2026-06-29T11:19:26.071066+00:00
Grade 10,Science,Exemplar: Chemical Reactions and Equations,Concept introduction,7,8,introduction,62,1,4,2026-06-29T11:19:26.073170+00:00
Grade 10,Science,Exemplar: Chemical Reactions and Equations,Revision and recap,7,8,introduction,49,2,4,2026-06-29T11:19:26.075927+00:00
Grade 10,Science,Exemplar: Chemical Reactions and Equations,Core explanation,7,8,introduction,62,1,4,2026-06-29T11:19:26.078112+00:00
Grade 10,Science,Exemplar: Chemical Reactions and Equations (Advanced),Concept introduction,7,8,introduction,44,7,3,2026-06-29T11:19:26.080155+00:00
Grade 10,Science,Exemplar: Chemical Reactions and Equations (Advanced),Exam preparation,7,8,introduction,54,2,3,2026-06-29T11:19:26.082074+00:00
Grade 10,Science,Exemplar: Chemical Reactions and Equations (Advanced),Exam-style problems,7,8,introduction,44,7,5,2026-06-29T11:19:26.084501+00:00
Grade 10,Science,Exemplar: Chemical Reactions and Equations (Advanced),Core explanation,7,8,introduction,44,7,4,2026-06-29T11:19:26.086475+00:00
Grade 10,Science,Exemplar: Chemical Reactions and Equations (Advanced),Worked examples,7,8,introduction,44,7,3,2026-06-29T11:19:26.088880+00:00
Grade 10,Science,Exemplar: Chemical Reactions and Equations (Advanced),Revision and recap,7,8,introduction,44,8,7,2026-06-29T11:19:26.090817+00:00
Grade 10,Science,Exemplar: Control and Coordination,Core explanation,7,8,introduction,44,7,4,2026-06-29T11:19:26.092736+00:00
Grade 10,Science,Exemplar: Control and Coordination,Concept introduction,7,8,introduction,44,8,4,2026-06-29T11:19:26.094746+00:00
Grade 10,Science,Exemplar: Control and Coordination,Exam preparation,7,8,introduction,44,7,3,2026-06-29T11:19:26.096865+00:00
Grade 10,Science,Exemplar: Control and Coordination,Worked examples,7,8,introduction,44,2,5,2026-06-29T11:19:26.098425+00:00
Grade 10,Science,Exemplar: Control and Coordination,Revision and recap,7,8,introduction,44,8,6,2026-06-29T11:19:26.100371+00:00
Grade 10,Science,Exemplar: Control and Coordination,Exam-style problems,7,8,introduction,44,7,4,2026-06-29T11:19:26.102462+00:00
Grade 10,Science,Exemplar: Electricity,Core explanation,7,8,introduction,44,7,3,2026-06-29T11:19:26.104432+00:00
Grade 10,Science,Exemplar: Electricity,Exam preparation,7,8,introduction,44,7,3,2026-06-29T11:19:26.106325+00:00
Grade 10,Science,Exemplar: Electricity,Exam-style problems,7,8,introduction,49,2,4,2026-06-29T11:19:26.108244+00:00
Grade 10,Science,Exemplar: Electricity,Revision and recap,7,8,introduction,44,8,3,2026-06-29T11:19:26.110915+00:00
Grade 10,Science,Exemplar: Electricity,Concept introduction,7,8,introduction,44,7,2,2026-06-29T11:19:26.113389+00:00
Grade 10,Science,Exemplar: Electricity,Worked examples,7,8,introduction,44,8,4,2026-06-29T11:19:26.115392+00:00
Grade 10,Science,Exemplar: Heredity and Evolution,Core explanation,7,8,introduction,44,7,3,2026-06-29T11:19:26.118019+00:00
Grade 10,Science,Exemplar: Heredity and Evolution,Exam-style problems,7,8,introduction,44,2,5,2026-06-29T11:19:26.119454+00:00
Grade 10,Science,Exemplar: Heredity and Evolution,Concept introduction,7,8,introduction,44,8,5,2026-06-29T11:19:26.121155+00:00
Grade 10,Science,Exemplar: Heredity and Evolution,Exam preparation,7,8,introduction,44,8,5,2026-06-29T11:19:26.122431+00:00
Grade 10,Science,Exemplar: Heredity and Evolution,Worked examples,7,8,introduction,44,7,5,2026-06-29T11:19:26.124605+00:00
Grade 10,Science,Exemplar: Heredity and Evolution,Revision and recap,7,8,introduction,66,1,3,2026-06-29T11:19:26.126537+00:00
Grade 10,Science,Exemplar: How Do Organisms Reproduce,Concept introduction,7,8,introduction,44,8,4,2026-06-29T11:19:26.128406+00:00
Grade 10,Science,Exemplar: How Do Organisms Reproduce,Revision and recap,7,8,introduction,44,2,8,2026-06-29T11:19:26.129484+00:00
Grade 10,Science,Exemplar: How Do Organisms Reproduce,Worked examples,7,8,introduction,44,8,8,2026-06-29T11:19:26.130639+00:00
Grade 10,Science,Exemplar: How Do Organisms Reproduce,Exam-style problems,8,8,,50,8,6,2026-06-29T11:19:26.131945+00:00
Grade 10,Science,Exemplar: How Do Organisms Reproduce,Exam preparation,8,8,,50,6,8,2026-06-29T11:19:26.133105+00:00
Grade 10,Science,Exemplar: How Do Organisms Reproduce,Core explanation,7,8,introduction,44,7,3,2026-06-29T11:19:26.135032+00:00
Grade 10,Science,Exemplar: Human Eye and the Colourful World,Revision and recap,7,8,introduction,44,8,3,2026-06-29T11:19:26.136922+00:00
Grade 10,Science,Exemplar: Human Eye and the Colourful World,Exam preparation,7,8,introduction,44,7,7,2026-06-29T11:19:26.138397+00:00
Grade 10,Science,Exemplar: Human Eye and the Colourful World,Core explanation,7,8,introduction,44,8,4,2026-06-29T11:19:26.140515+00:00
Grade 10,Science,Exemplar: Human Eye and the Colourful World,Concept introduction,7,8,introduction,44,7,4,2026-06-29T11:19:26.143185+00:00
Grade 10,Science,Exemplar: Human Eye and the Colourful World,Worked examples,7,8,introduction,44,7,2,2026-06-29T11:19:26.145114+00:00
Grade 10,Science,Exemplar: Human Eye and the Colourful World,Exam-style problems,7,8,introduction,44,7,0,2026-06-29T11:19:26.147274+00:00
Grade 10,Science,Exemplar: Life Processes,Exam preparation,8,8,,50,8,9,2026-06-29T11:19:26.148346+00:00
Grade 10,Science,Exemplar: Life Processes,Concept introduction,7,8,introduction,49,2,4,2026-06-29T11:19:26.151624+00:00
Grade 10,Science,Exemplar: Life Processes,Revision and recap,8,8,,50,8,7,2026-06-29T11:19:26.154003+00:00
Grade 10,Science,Exemplar: Life Processes,Core explanation,7,8,introduction,44,8,4,2026-06-29T11:19:26.155863+00:00
Grade 10,Science,Exemplar: Life Processes,Exam-style problems,8,8,,50,8,8,2026-06-29T11:19:26.157260+00:00
Grade 10,Science,Exemplar: Life Processes,Worked examples,7,8,introduction,44,7,5,2026-06-29T11:19:26.158564+00:00
Grade 10,Science,Exemplar: Light - Reflection and Refraction,Core explanation,7,8,introduction,44,7,3,2026-06-29T11:19:26.160840+00:00
Grade 10,Science,Exemplar: Light - Reflection and Refraction,Revision and recap,7,8,introduction,44,7,3,2026-06-29T11:19:26.162805+00:00
Grade 10,Science,Exemplar: Light - Reflection and Refraction,Worked examples,7,8,introduction,44,9,8,2026-06-29T11:19:26.164555+00:00
Grade 10,Science,Exemplar: Light - Reflection and Refraction,Exam-style problems,7,8,introduction,44,7,5,2026-06-29T11:19:26.167059+00:00
Grade 10,Science,Exemplar: Light - Reflection and Refraction,Concept introduction,8,8,,50,6,4,2026-06-29T11:19:26.169598+00:00
Grade 10,Science,Exemplar: Light - Reflection and Refraction,Exam preparation,8,8,,50,7,4,2026-06-29T11:19:26.171775+00:00
Grade 10,Science,Exemplar: Magnetic Effects of Electric Current,Core explanation,7,8,introduction,72,1,2,2026-06-29T11:19:26.173755+00:00
Grade 10,Science,Exemplar: Magnetic Effects of Electric Current,Concept introduction,7,8,introduction,44,8,2,2026-06-29T11:19:26.175988+00:00
Grade 10,Science,Exemplar: Magnetic Effects of Electric Current,Exam preparation,7,8,introduction,44,7,3,2026-06-29T11:19:26.177544+00:00
Grade 10,Science,Exemplar: Magnetic Effects of Electric Current,Revision and recap,7,8,introduction,44,7,5,2026-06-29T11:19:26.179618+00:00
Grade 10,Science,Exemplar: Magnetic Effects of Electric Current,Worked examples,7,8,introduction,44,4,3,2026-06-29T11:19:26.182152+00:00
Grade 10,Science,Exemplar: Magnetic Effects of Electric Current,Exam-style problems,7,8,introduction,44,8,2,2026-06-29T11:19:26.184702+00:00
Grade 10,Science,Exemplar: Management of Natural Resources,Worked examples,7,8,introduction,44,7,7,2026-06-29T11:19:26.186194+00:00
Grade 10,Science,Exemplar: Management of Natural Resources,Exam preparation,7,8,introduction,44,8,8,2026-06-29T11:19:26.187184+00:00
Grade 10,Science,Exemplar: Management of Natural Resources,Revision and recap,7,8,introduction,44,8,4,2026-06-29T11:19:26.188769+00:00
Grade 10,Science,Exemplar: Management of Natural Resources,Exam-style problems,7,8,introduction,44,3,3,2026-06-29T11:19:26.189972+00:00
Grade 10,Science,Exemplar: Management of Natural Resources,Concept introduction,7,8,introduction,44,8,3,2026-06-29T11:19:26.191808+00:00
Grade 10,Science,Exemplar: Management of Natural Resources,Core explanation,7,8,introduction,44,7,1,2026-06-29T11:19:26.193905+00:00
Grade 10,Science,Exemplar: Metals and Non-metals,Exam-style problems,7,8,introduction,44,7,5,2026-06-29T11:19:26.196126+00:00
Grade 10,Science,Exemplar: Metals and Non-metals,Concept introduction,7,8,introduction,44,7,2,2026-06-29T11:19:26.198412+00:00
Grade 10,Science,Exemplar: Metals and Non-metals,Core explanation,7,8,introduction,44,7,4,2026-06-29T11:19:26.200420+00:00
Grade 10,Science,Exemplar: Metals and Non-metals,Exam preparation,7,8,introduction,44,8,6,2026-06-29T11:19:26.202205+00:00
Grade 10,Science,Exemplar: Metals and Non-metals,Worked examples,7,8,introduction,62,1,4,2026-06-29T11:19:26.204155+00:00
Grade 10,Science,Exemplar: Metals and Non-metals,Revision and recap,7,8,introduction,44,7,6,2026-06-29T11:19:26.206068+00:00
Grade 10,Science,Exemplar: Our Environment,Exam preparation,7,8,introduction,49,2,4,2026-06-29T11:19:26.207388+00:00
Grade 10,Science,Exemplar: Our Environment,Revision and recap,7,8,introduction,44,8,2,2026-06-29T11:19:26.209263+00:00
Grade 10,Science,Exemplar: Our Environment,Concept introduction,7,8,introduction,44,7,1,2026-06-29T11:19:26.211424+00:00
Grade 10,Science,Exemplar: Our Environment,Core explanation,7,8,introduction,44,7,1,2026-06-29T11:19:26.213559+00:00
Grade 10,Science,Exemplar: Our Environment,Exam-style problems,7,8,introduction,44,7,5,2026-06-29T11:19:26.214749+00:00
Grade 10,Science,Exemplar: Our Environment,Worked examples,7,8,introduction,44,8,4,2026-06-29T11:19:26.216435+00:00
Grade 10,Science,Exemplar: Periodic Classification of Elements,Concept introduction,7,8,introduction,62,1,4,2026-06-29T11:19:26.218019+00:00
Grade 10,Science,Exemplar: Periodic Classification of Elements,Exam-style problems,7,8,introduction,44,7,1,2026-06-29T11:19:26.220438+00:00
Grade 10,Science,Exemplar: Periodic Classification of Elements,Core explanation,7,8,introduction,44,7,1,2026-06-29T11:19:26.222420+00:00
Grade 10,Science,Exemplar: Periodic Classification of Elements,Exam preparation,7,8,introduction,44,7,6,2026-06-29T11:19:26.223906+00:00
Grade 10,Science,Exemplar: Periodic Classification of Elements,Worked examples,7,8,introduction,44,7,2,2026-06-29T11:19:26.226136+00:00
Grade 10,Science,Exemplar: Periodic Classification of Elements,Revision and recap,7,8,introduction,44,7,2,2026-06-29T11:19:26.228400+00:00
Grade 10,Science,Exemplar: Sources of Energy,Exam preparation,8,8,,62,1,5,2026-06-29T11:19:26.229896+00:00
Grade 10,Science,Exemplar: Sources of Energy,Concept introduction,8,8,,68,1,4,2026-06-29T11:19:26.232568+00:00
Grade 10,Science,Exemplar: Sources of Energy,Core explanation,7,8,introduction,44,7,5,2026-06-29T11:19:26.235449+00:00
Grade 10,Science,Exemplar: Sources of Energy,Worked examples,7,8,introduction,44,7,6,2026-06-29T11:19:26.236659+00:00
Grade 10,Science,Exemplar: Sources of Energy,Exam-style problems,7,8,introduction,44,7,5,2026-06-29T11:19:26.238453+00:00
Grade 10,Science,Exemplar: Sources of Energy,Revision and recap,7,8,introduction,44,8,4,2026-06-29T11:19:26.240331+00:00
Grade 10,Social Science,Geography - Chapter 1: Resources and Development,Revision and recap,7,8,introduction,44,4,5,2026-06-29T11:19:26.241567+00:00
Grade 10,Social Science,Geography - Chapter 1: Resources and Development,Exam-style problems,7,8,introduction,44,4,4,2026-06-29T11:19:26.242806+00:00
Grade 10,Social Science,Geography - Chapter 1: Resources and Development,Worked examples,7,8,introduction,44,3,4,2026-06-29T11:19:26.244630+00:00
Grade 10,Social Science,Geography - Chapter 1: Resources and Development,Exam preparation,6,8,what you will learn;common mistake,38,4,4,2026-06-29T11:19:26.245619+00:00
Grade 10,Social Science,Geography - Chapter 1: Resources and Development,Concept introduction,8,8,,50,3,5,2026-06-29T11:19:26.246937+00:00
Grade 10,Social Science,Geography - Chapter 1: Resources and Development,Core explanation,7,8,introduction,44,3,5,2026-06-29T11:19:26.248480+00:00
Grade 10,Social Science,Geography - Chapter 2: Forest and Wildlife Resources,Exam preparation,7,8,introduction,44,3,8,2026-06-29T11:19:26.250013+00:00
Grade 10,Social Science,Geography - Chapter 2: Forest and Wildlife Resources,Revision and recap,7,8,introduction,44,2,5,2026-06-29T11:19:26.251413+00:00
Grade 10,Social Science,Geography - Chapter 2: Forest and Wildlife Resources,Worked examples,7,8,introduction,44,2,6,2026-06-29T11:19:26.252639+00:00
Grade 10,Social Science,Geography - Chapter 2: Forest and Wildlife Resources,Exam-style problems,7,8,introduction,44,3,4,2026-06-29T11:19:26.253973+00:00
Grade 10,Social Science,Geography - Chapter 2: Forest and Wildlife Resources,Core explanation,7,8,introduction,44,4,6,2026-06-29T11:19:26.255056+00:00
Grade 10,Social Science,Geography - Chapter 2: Forest and Wildlife Resources,Concept introduction,8,8,,50,3,7,2026-06-29T11:19:26.256088+00:00
Grade 10,Social Science,Geography - Chapter 3: Water Resources,Exam preparation,7,8,introduction,44,7,7,2026-06-29T11:19:26.257946+00:00
Grade 10,Social Science,Geography - Chapter 3: Water Resources,Revision and recap,7,8,introduction,44,8,8,2026-06-29T11:19:26.259469+00:00
Grade 10,Social Science,Geography - Chapter 3: Water Resources,Core explanation,7,8,introduction,44,4,5,2026-06-29T11:19:26.260887+00:00
Grade 10,Social Science,Geography - Chapter 3: Water Resources,Exam-style problems,7,8,introduction,44,8,6,2026-06-29T11:19:26.262191+00:00
Grade 10,Social Science,Geography - Chapter 3: Water Resources,Worked examples,7,8,introduction,44,5,4,2026-06-29T11:19:26.263547+00:00
Grade 10,Social Science,Geography - Chapter 3: Water Resources,Concept introduction,8,8,,50,2,5,2026-06-29T11:19:26.264815+00:00
Grade 10,Social Science,Geography - Chapter 4: Agriculture,Exam-style problems,7,8,introduction,44,3,7,2026-06-29T11:19:26.266012+00:00
Grade 10,Social Science,Geography - Chapter 4: Agriculture,Exam preparation,7,8,introduction,44,2,6,2026-06-29T11:19:26.267354+00:00
Grade 10,Social Science,Geography - Chapter 4: Agriculture,Worked examples,7,8,introduction,44,4,4,2026-06-29T11:19:26.268279+00:00
Grade 10,Social Science,Geography - Chapter 4: Agriculture,Concept introduction,8,8,,50,4,3,2026-06-29T11:19:26.269214+00:00
Grade 10,Social Science,Geography - Chapter 4: Agriculture,Core explanation,7,8,introduction,44,4,6,2026-06-29T11:19:26.270316+00:00
Grade 10,Social Science,Geography - Chapter 4: Agriculture,Revision and recap,7,8,introduction,44,5,5,2026-06-29T11:19:26.271119+00:00
Grade 10,Social Science,Geography - Chapter 5: Minerals and Energy Resources,Revision and recap,7,8,introduction,44,4,3,2026-06-29T11:19:26.272429+00:00
Grade 10,Social Science,Geography - Chapter 5: Minerals and Energy Resources,Core explanation,7,8,introduction,44,7,8,2026-06-29T11:19:26.273608+00:00
Grade 10,Social Science,Geography - Chapter 5: Minerals and Energy Resources,Exam preparation,7,8,introduction,44,4,6,2026-06-29T11:19:26.275216+00:00
Grade 10,Social Science,Geography - Chapter 5: Minerals and Energy Resources,Exam-style problems,7,8,introduction,44,3,4,2026-06-29T11:19:26.276531+00:00
Grade 10,Social Science,Geography - Chapter 5: Minerals and Energy Resources,Concept introduction,8,8,,50,4,6,2026-06-29T11:19:26.277560+00:00
Grade 10,Social Science,Geography - Chapter 5: Minerals and Energy Resources,Worked examples,7,8,introduction,52,1,6,2026-06-29T11:19:26.278847+00:00
Grade 10,Social Science,Geography - Chapter 6: Manufacturing Industries,Worked examples,7,8,introduction,44,2,7,2026-06-29T11:19:26.280255+00:00
Grade 10,Social Science,Geography - Chapter 6: Manufacturing Industries,Concept introduction,8,8,,50,4,5,2026-06-29T11:19:26.280986+00:00
Grade 10,Social Science,Geography - Chapter 6: Manufacturing Industries,Core explanation,7,8,introduction,44,4,6,2026-06-29T11:19:26.282040+00:00
Grade 10,Social Science,Geography - Chapter 6: Manufacturing Industries,Exam-style problems,7,8,introduction,44,3,6,2026-06-29T11:19:26.283362+00:00
Grade 10,Social Science,Geography - Chapter 6: Manufacturing Industries,Revision and recap,7,8,introduction,44,4,5,2026-06-29T11:19:26.284330+00:00
Grade 10,Social Science,Geography - Chapter 6: Manufacturing Industries,Exam preparation,7,8,introduction,44,4,6,2026-06-29T11:19:26.285513+00:00
Grade 10,Social Science,Geography - Chapter 7: Lifelines of National Economy,Core explanation,7,8,introduction,44,3,6,2026-06-29T11:19:26.286662+00:00
Grade 10,Social Science,Geography - Chapter 7: Lifelines of National Economy,Exam preparation,7,8,introduction,44,3,8,2026-06-29T11:19:26.288051+00:00
Grade 10,Social Science,Geography - Chapter 7: Lifelines of National Economy,Revision and recap,7,8,introduction,44,9,9,2026-06-29T11:19:26.290505+00:00
Grade 10,Social Science,Geography - Chapter 7: Lifelines of National Economy,Worked examples,6,8,introduction;what you will learn,38,8,7,2026-06-29T11:19:26.291890+00:00
Grade 10,Social Science,Geography - Chapter 7: Lifelines of National Economy,Exam-style problems,7,8,introduction,66,1,3,2026-06-29T11:19:26.294345+00:00
Grade 10,Social Science,Geography - Chapter 7: Lifelines of National Economy,Concept introduction,8,8,,50,3,6,2026-06-29T11:19:26.295248+00:00
Grade 10,Social Science,History - Chapter 1: The Rise of Nationalism in Europe,Core explanation,7,8,introduction,44,3,6,2026-06-29T11:19:26.296236+00:00
Grade 10,Social Science,History - Chapter 1: The Rise of Nationalism in Europe,Worked examples,7,8,introduction,44,2,7,2026-06-29T11:19:26.297376+00:00
Grade 10,Social Science,History - Chapter 1: The Rise of Nationalism in Europe,Exam-style problems,7,8,introduction,44,2,8,2026-06-29T11:19:26.298416+00:00
Grade 10,Social Science,History - Chapter 1: The Rise of Nationalism in Europe,Concept introduction,8,8,,50,9,6,2026-06-29T11:19:26.299550+00:00
Grade 10,Social Science,History - Chapter 1: The Rise of Nationalism in Europe,Exam preparation,7,8,introduction,44,2,7,2026-06-29T11:19:26.300867+00:00
Grade 10,Social Science,History - Chapter 1: The Rise of Nationalism in Europe,Revision and recap,7,8,introduction,44,2,7,2026-06-29T11:19:26.302005+00:00
Grade 10,Social Science,History - Chapter 2: Nationalism in India,Exam-style problems,7,8,introduction,44,3,6,2026-06-29T11:19:26.303589+00:00
Grade 10,Social Science,History - Chapter 2: Nationalism in India,Core explanation,7,8,introduction,44,4,2,2026-06-29T11:19:26.304614+00:00
Grade 10,Social Science,History - Chapter 2: Nationalism in India,Worked examples,8,8,,62,1,5,2026-06-29T11:19:26.306285+00:00
Grade 10,Social Science,History - Chapter 2: Nationalism in India,Revision and recap,7,8,introduction,44,4,6,2026-06-29T11:19:26.307390+00:00
Grade 10,Social Science,History - Chapter 2: Nationalism in India,Exam preparation,7,8,introduction,44,7,6,2026-06-29T11:19:26.308721+00:00
Grade 10,Social Science,History - Chapter 2: Nationalism in India,Concept introduction,8,8,,50,3,7,2026-06-29T11:19:26.309763+00:00
Grade 10,Social Science,History - Chapter 3: The Making of a Global World,Exam-style problems,8,8,,50,2,9,2026-06-29T11:19:26.310736+00:00
Grade 10,Social Science,History - Chapter 3: The Making of a Global World,Core explanation,7,8,introduction,44,4,6,2026-06-29T11:19:26.311920+00:00
Grade 10,Social Science,History - Chapter 3: The Making of a Global World,Concept introduction,8,8,,50,4,4,2026-06-29T11:19:26.312966+00:00
Grade 10,Social Science,History - Chapter 3: The Making of a Global World,Revision and recap,7,8,introduction,44,3,6,2026-06-29T11:19:26.314798+00:00
Grade 10,Social Science,History - Chapter 3: The Making of a Global World,Worked examples,7,8,introduction,44,4,6,2026-06-29T11:19:26.316044+00:00
Grade 10,Social Science,History - Chapter 3: The Making of a Global World,Exam preparation,8,8,,50,3,7,2026-06-29T11:19:26.317222+00:00
Grade 10,Social Science,History - Chapter 4: The Age of Industrialisation,Exam preparation,8,8,,50,2,7,2026-06-29T11:19:26.318297+00:00
Grade 10,Social Science,History - Chapter 4: The Age of Industrialisation,Revision and recap,7,8,introduction,44,4,6,2026-06-29T11:19:26.319440+00:00
Grade 10,Social Science,History - Chapter 4: The Age of Industrialisation,Concept introduction,8,8,,50,4,5,2026-06-29T11:19:26.320305+00:00
Grade 10,Social Science,History - Chapter 4: The Age of Industrialisation,Worked examples,3,8,introduction;what you will learn;step-by-step breakdown;common mistake;quick check question,19,8,0,2026-06-29T11:19:26.322178+00:00
Grade 10,Social Science,History - Chapter 4: The Age of Industrialisation,Exam-style problems,8,8,,58,1,6,2026-06-29T11:19:26.323847+00:00
Grade 10,Social Science,History - Chapter 4: The Age of Industrialisation,Core explanation,7,8,introduction,44,8,5,2026-06-29T11:19:26.325792+00:00
Grade 10,Social Science,History - Chapter 5: Print Culture and the Modern World,Worked examples,7,8,introduction,44,2,8,2026-06-29T11:19:26.327057+00:00
Grade 10,Social Science,History - Chapter 5: Print Culture and the Modern World,Revision and recap,8,8,,52,1,7,2026-06-29T11:19:26.328325+00:00
Grade 10,Social Science,History - Chapter 5: Print Culture and the Modern World,Exam preparation,7,8,introduction,49,2,4,2026-06-29T11:19:26.330253+00:00
Grade 10,Social Science,History - Chapter 5: Print Culture and the Modern World,Core explanation,7,8,introduction,54,2,3,2026-06-29T11:19:26.332245+00:00
Grade 10,Social Science,History - Chapter 5: Print Culture and the Modern World,Exam-style problems,8,8,,50,7,5,2026-06-29T11:19:26.333882+00:00
Grade 10,Social Science,History - Chapter 5: Print Culture and the Modern World,Concept introduction,8,8,,50,4,3,2026-06-29T11:19:26.335002+00:00
Grade 10,Social Science,Political Science - Chapter 1: Power-sharing,Exam preparation,7,8,introduction,54,2,3,2026-06-29T11:19:26.336831+00:00
Grade 10,Social Science,Political Science - Chapter 1: Power-sharing,Core explanation,7,8,introduction,44,4,7,2026-06-29T11:19:26.337830+00:00
Grade 10,Social Science,Political Science - Chapter 1: Power-sharing,Concept introduction,8,8,,50,4,2,2026-06-29T11:19:26.338745+00:00
Grade 10,Social Science,Political Science - Chapter 1: Power-sharing,Worked examples,7,8,introduction,44,8,5,2026-06-29T11:19:26.340364+00:00
Grade 10,Social Science,Political Science - Chapter 1: Power-sharing,Exam-style problems,7,8,introduction,44,3,4,2026-06-29T11:19:26.341712+00:00
Grade 10,Social Science,Political Science - Chapter 1: Power-sharing,Revision and recap,7,8,introduction,44,9,6,2026-06-29T11:19:26.343261+00:00
Grade 10,Social Science,Political Science - Chapter 2: Federalism,Core explanation,7,8,introduction,44,9,6,2026-06-29T11:19:26.344725+00:00
Grade 10,Social Science,Political Science - Chapter 2: Federalism,Worked examples,7,8,introduction,44,4,4,2026-06-29T11:19:26.345851+00:00
Grade 10,Social Science,Political Science - Chapter 2: Federalism,Exam-style problems,7,8,introduction,44,8,6,2026-06-29T11:19:26.347394+00:00
Grade 10,Social Science,Political Science - Chapter 2: Federalism,Concept introduction,7,8,introduction,44,4,3,2026-06-29T11:19:26.348832+00:00
Grade 10,Social Science,Political Science - Chapter 2: Federalism,Revision and recap,7,8,introduction,44,4,4,2026-06-29T11:19:26.350006+00:00
Grade 10,Social Science,Political Science - Chapter 2: Federalism,Exam preparation,7,8,introduction,54,2,3,2026-06-29T11:19:26.352020+00:00
Grade 10,Social Science,"Political Science - Chapter 3: Gender, Religion and Caste",Core explanation,7,8,introduction,44,4,3,2026-06-29T11:19:26.353390+00:00
Grade 10,Social Science,"Political Science - Chapter 3: Gender, Religion and Caste",Exam preparation,7,8,introduction,46,3,2,2026-06-29T11:19:26.354719+00:00
Grade 10,Social Science,"Political Science - Chapter 3: Gender, Religion and Caste",Revision and recap,7,8,introduction,44,3,5,2026-06-29T11:19:26.355833+00:00
Grade 10,Social Science,"Political Science - Chapter 3: Gender, Religion and Caste",Exam-style problems,7,8,introduction,44,3,6,2026-06-29T11:19:26.357009+00:00
Grade 10,Social Science,"Political Science - Chapter 3: Gender, Religion and Caste",Worked examples,3,8,introduction;what you will learn;step-by-step breakdown;common mistake;quick check question,19,9,0,2026-06-29T11:19:26.359041+00:00
Grade 10,Social Science,"Political Science - Chapter 3: Gender, Religion and Caste",Concept introduction,8,8,,50,4,5,2026-06-29T11:19:26.359938+00:00
Grade 10,Social Science,Political Science - Chapter 4: Political Parties,Revision and recap,7,8,introduction,44,8,7,2026-06-29T11:19:26.361383+00:00
Grade 10,Social Science,Political Science - Chapter 4: Political Parties,Worked examples,8,8,,50,3,7,2026-06-29T11:19:26.362526+00:00
Grade 10,Social Science,Political Science - Chapter 4: Political Parties,Core explanation,7,8,introduction,44,4,6,2026-06-29T11:19:26.450628+00:00
Grade 10,Social Science,Political Science - Chapter 4: Political Parties,Concept introduction,8,8,,50,4,3,2026-06-29T11:19:26.451801+00:00
Grade 10,Social Science,Political Science - Chapter 4: Political Parties,Exam-style problems,7,8,introduction,54,2,3,2026-06-29T11:19:26.453611+00:00
Grade 10,Social Science,Political Science - Chapter 4: Political Parties,Exam preparation,7,8,introduction,54,2,3,2026-06-29T11:19:26.455465+00:00
Grade 10,Social Science,Political Science - Chapter 5: Outcomes of Democracy,Exam preparation,7,8,introduction,44,3,4,2026-06-29T11:19:26.456644+00:00
Grade 10,Social Science,Political Science - Chapter 5: Outcomes of Democracy,Revision and recap,7,8,introduction,44,8,7,2026-06-29T11:19:26.458407+00:00
Grade 10,Social Science,Political Science - Chapter 5: Outcomes of Democracy,Concept introduction,8,8,,50,4,5,2026-06-29T11:19:26.459447+00:00
Grade 10,Social Science,Political Science - Chapter 5: Outcomes of Democracy,Worked examples,7,8,introduction,44,9,5,2026-06-29T11:19:26.460983+00:00
Grade 10,Social Science,Political Science - Chapter 5: Outcomes of Democracy,Core explanation,7,8,introduction,44,4,4,2026-06-29T11:19:26.462357+00:00
Grade 10,Social Science,Political Science - Chapter 5: Outcomes of Democracy,Exam-style problems,7,8,introduction,54,2,3,2026-06-29T11:19:26.464314+00:00
Grade 10,Social Science,Text Book - Chapter 1: Development,Exam-style problems,7,8,introduction,44,4,6,2026-06-29T11:19:26.465477+00:00
Grade 10,Social Science,Text Book - Chapter 1: Development,Worked examples,7,8,introduction,44,5,3,2026-06-29T11:19:26.466395+00:00
Grade 10,Social Science,Text Book - Chapter 1: Development,Exam preparation,8,8,,50,6,7,2026-06-29T11:19:26.467313+00:00
Grade 10,Social Science,Text Book - Chapter 1: Development,Revision and recap,7,8,introduction,44,3,7,2026-06-29T11:19:26.468615+00:00
Grade 10,Social Science,Text Book - Chapter 1: Development,Core explanation,7,8,introduction,44,3,7,2026-06-29T11:19:26.470285+00:00
Grade 10,Social Science,Text Book - Chapter 1: Development,Concept introduction,8,8,,50,3,6,2026-06-29T11:19:26.471865+00:00
Grade 10,Social Science,Text Book - Chapter 2: Sectors of the Indian Economy,Exam preparation,7,8,introduction,44,3,8,2026-06-29T11:19:26.473066+00:00
Grade 10,Social Science,Text Book - Chapter 2: Sectors of the Indian Economy,Worked examples,7,8,introduction,44,9,7,2026-06-29T11:19:26.474765+00:00
Grade 10,Social Science,Text Book - Chapter 2: Sectors of the Indian Economy,Revision and recap,7,8,introduction,44,5,4,2026-06-29T11:19:26.475931+00:00
Grade 10,Social Science,Text Book - Chapter 2: Sectors of the Indian Economy,Concept introduction,8,8,,50,4,4,2026-06-29T11:19:26.477085+00:00
Grade 10,Social Science,Text Book - Chapter 2: Sectors of the Indian Economy,Exam-style problems,7,8,introduction,44,5,9,2026-06-29T11:19:26.478380+00:00
Grade 10,Social Science,Text Book - Chapter 2: Sectors of the Indian Economy,Core explanation,7,8,introduction,44,4,5,2026-06-29T11:19:26.479570+00:00
Grade 10,Social Science,Text Book - Chapter 3: Money and Credit,Exam-style problems,7,8,introduction,44,4,5,2026-06-29T11:19:26.480778+00:00
Grade 10,Social Science,Text Book - Chapter 3: Money and Credit,Worked examples,6,8,what you will learn;step-by-step breakdown,38,3,7,2026-06-29T11:19:26.481584+00:00
Grade 10,Social Science,Text Book - Chapter 3: Money and Credit,Revision and recap,7,8,introduction,44,5,3,2026-06-29T11:19:26.482814+00:00
Grade 10,Social Science,Text Book - Chapter 3: Money and Credit,Exam preparation,6,8,what you will learn;step-by-step breakdown,38,4,5,2026-06-29T11:19:26.484447+00:00
Grade 10,Social Science,Text Book - Chapter 3: Money and Credit,Concept introduction,8,8,,50,4,6,2026-06-29T11:19:26.485487+00:00
Grade 10,Social Science,Text Book - Chapter 3: Money and Credit,Core explanation,7,8,introduction,44,4,4,2026-06-29T11:19:26.486686+00:00
Grade 10,Social Science,Text Book - Chapter 4: Globalisation and the Indian Economy,Exam-style problems,8,8,,50,9,8,2026-06-29T11:19:26.487752+00:00
Grade 10,Social Science,Text Book - Chapter 4: Globalisation and the Indian Economy,Worked examples,7,8,introduction,44,2,7,2026-06-29T11:19:26.488836+00:00
Grade 10,Social Science,Text Book - Chapter 4: Globalisation and the Indian Economy,Exam preparation,7,8,introduction,44,3,6,2026-06-29T11:19:26.489982+00:00
Grade 10,Social Science,Text Book - Chapter 4: Globalisation and the Indian Economy,Core explanation,7,8,introduction,44,9,5,2026-06-29T11:19:26.491502+00:00
Grade 10,Social Science,Text Book - Chapter 4: Globalisation and the Indian Economy,Concept introduction,8,8,,50,4,5,2026-06-29T11:19:26.492450+00:00
Grade 10,Social Science,Text Book - Chapter 4: Globalisation and the Indian Economy,Revision and recap,7,8,introduction,44,3,9,2026-06-29T11:19:26.493722+00:00
Grade 10,Social Science,Text Book - Chapter 5: Consumer Rights,Exam preparation,7,8,introduction,59,2,2,2026-06-29T11:19:26.495525+00:00
Grade 10,Social Science,Text Book - Chapter 5: Consumer Rights,Exam-style problems,7,8,introduction,44,3,6,2026-06-29T11:19:26.496625+00:00
Grade 10,Social Science,Text Book - Chapter 5: Consumer Rights,Revision and recap,7,8,introduction,44,9,10,2026-06-29T11:19:26.497735+00:00
Grade 10,Social Science,Text Book - Chapter 5: Consumer Rights,Worked examples,7,8,introduction,44,5,7,2026-06-29T11:19:26.498813+00:00
Grade 10,Social Science,Text Book - Chapter 5: Consumer Rights,Core explanation,7,8,introduction,44,4,6,2026-06-29T11:19:26.500054+00:00
Grade 10,Social Science,Text Book - Chapter 5: Consumer Rights,Concept introduction,8,8,,50,4,7,2026-06-29T11:19:26.500991+00:00
Grade 11,Physics,Uploaded Book Content,Concept introduction,8,8,,68,1,4,2026-06-29T11:19:26.502798+00:00
Grade 12,Physics,Uploaded Book Content,Concept introduction,8,8,,50,1,10,2026-06-29T11:19:26.503850+00:00
Grade 5,English,1. Papa’s Spectacles,What We Learn,7,8,introduction,44,4,4,2026-06-29T11:19:26.505011+00:00
Grade 5,English,1. Papa’s Spectacles,Worked Examples,7,8,introduction,44,3,5,2026-06-29T11:19:26.506073+00:00
Grade 5,English,1. Papa’s Spectacles,Recap,7,8,introduction,44,8,8,2026-06-29T11:19:26.507015+00:00
Grade 5,English,10. Glass Bangles,What We Learn,8,8,,60,2,3,2026-06-29T11:19:26.508311+00:00
Grade 5,English,10. Glass Bangles,Recap,7,8,introduction,44,7,8,2026-06-29T11:19:26.509501+00:00
Grade 5,English,10. Glass Bangles,Worked Examples,7,8,introduction,44,2,8,2026-06-29T11:19:26.510495+00:00
Grade 5,English,2. Gone with the Scooter,Recap,5,8,introduction;common mistake;quick check question,31,6,1,2026-06-29T11:19:26.511455+00:00
Grade 5,English,2. Gone with the Scooter,Worked Examples,7,8,introduction,44,3,7,2026-06-29T11:19:26.512559+00:00
Grade 5,English,2. Gone with the Scooter,What We Learn,7,8,introduction,44,2,6,2026-06-29T11:19:26.513478+00:00
Grade 5,English,3. The Rainbow,Recap,7,8,introduction,44,4,2,2026-06-29T11:19:26.514449+00:00
Grade 5,English,3. The Rainbow,Worked Examples,7,8,introduction,44,3,7,2026-06-29T11:19:26.515819+00:00
Grade 5,English,3. The Rainbow,What We Learn,7,8,introduction,44,2,5,2026-06-29T11:19:26.517492+00:00
Grade 5,English,4. The Wise Parrot,Recap,8,8,,50,2,5,2026-06-29T11:19:26.518267+00:00
Grade 5,English,4. The Wise Parrot,Worked Examples,7,8,introduction,44,4,6,2026-06-29T11:19:26.519366+00:00
Grade 5,English,4. The Wise Parrot,What We Learn,8,8,,70,0,6,2026-06-29T11:19:26.520530+00:00
Grade 5,English,5. The Frog,What We Learn,7,8,introduction,44,3,3,2026-06-29T11:19:26.521479+00:00
Grade 5,English,5. The Frog,Recap,7,8,introduction,44,2,7,2026-06-29T11:19:26.522511+00:00
Grade 5,English,5. The Frog,Worked Examples,7,8,introduction,66,1,3,2026-06-29T11:19:26.524927+00:00
Grade 5,English,6. What a Tank!,Recap,7,8,introduction,52,1,6,2026-06-29T11:19:26.526369+00:00
Grade 5,English,6. What a Tank!,Worked Examples,7,8,introduction,49,2,4,2026-06-29T11:19:26.527917+00:00
Grade 5,English,6. What a Tank!,What We Learn,7,8,introduction,44,2,6,2026-06-29T11:19:26.529301+00:00
Grade 5,English,7. Gilli Danda,Recap,7,8,introduction,44,5,6,2026-06-29T11:19:26.530165+00:00
Grade 5,English,7. Gilli Danda,What We Learn,8,8,,50,8,7,2026-06-29T11:19:26.531187+00:00
Grade 5,English,7. Gilli Danda,Worked Examples,7,8,introduction,44,4,4,2026-06-29T11:19:26.532154+00:00
Grade 5,English,8. The Decision of the Panchayat,What We Learn,7,8,introduction,44,2,5,2026-06-29T11:19:26.533423+00:00
Grade 5,English,8. The Decision of the Panchayat,Recap,7,8,introduction,44,3,4,2026-06-29T11:19:26.534430+00:00
Grade 5,English,8. The Decision of the Panchayat,Worked Examples,7,8,introduction,44,9,9,2026-06-29T11:19:26.535320+00:00
Grade 5,English,9. Vocation,What We Learn,7,8,introduction,44,4,7,2026-06-29T11:19:26.536441+00:00
Grade 5,English,9. Vocation,Worked Examples,7,8,introduction,44,5,4,2026-06-29T11:19:26.537512+00:00
Grade 5,English,9. Vocation,Recap,7,8,introduction,44,5,3,2026-06-29T11:19:26.538034+00:00
Grade 5,EVS,Chapter 1: Water — The Essence of Life,Worked Examples,7,8,introduction,44,7,6,2026-06-29T11:19:26.539205+00:00
Grade 5,EVS,Chapter 1: Water — The Essence of Life,Recap,7,8,introduction,44,4,5,2026-06-29T11:19:26.540207+00:00
Grade 5,EVS,Chapter 1: Water — The Essence of Life,What We Learn,7,8,introduction,44,3,7,2026-06-29T11:19:26.541647+00:00
Grade 5,EVS,Chapter 10: Earth — Our Shared Home,Worked Examples,7,8,introduction,44,2,6,2026-06-29T11:19:26.542849+00:00
Grade 5,EVS,Chapter 10: Earth — Our Shared Home,What We Learn,7,8,introduction,44,3,5,2026-06-29T11:19:26.543975+00:00
Grade 5,EVS,Chapter 10: Earth — Our Shared Home,Recap,7,8,introduction,44,3,7,2026-06-29T11:19:26.544857+00:00
Grade 5,EVS,Chapter 2: Journey of a River,Recap,7,8,introduction,52,1,6,2026-06-29T11:19:26.546106+00:00
Grade 5,EVS,Chapter 2: Journey of a River,Worked Examples,7,8,introduction,44,4,6,2026-06-29T11:19:26.547087+00:00
Grade 5,EVS,Chapter 2: Journey of a River,What We Learn,7,8,introduction,44,2,7,2026-06-29T11:19:26.548243+00:00
Grade 5,EVS,Chapter 3: The Mystery of Food,What We Learn,7,8,introduction,44,3,8,2026-06-29T11:19:26.549499+00:00
Grade 5,EVS,Chapter 3: The Mystery of Food,Recap,7,8,introduction,44,5,5,2026-06-29T11:19:26.550224+00:00
Grade 5,EVS,Chapter 3: The Mystery of Food,Worked Examples,7,8,introduction,46,1,7,2026-06-29T11:19:26.551315+00:00
Grade 5,EVS,Chapter 4: Our School — A Happy Place,Worked Examples,7,8,introduction,44,2,6,2026-06-29T11:19:26.552483+00:00
Grade 5,EVS,Chapter 4: Our School — A Happy Place,Recap,7,8,introduction,59,2,2,2026-06-29T11:19:26.554892+00:00
Grade 5,EVS,Chapter 4: Our School — A Happy Place,What We Learn,7,8,introduction,44,2,7,2026-06-29T11:19:26.555852+00:00
Grade 5,EVS,Chapter 5: Our Vibrant Country,What We Learn,7,8,introduction,44,2,8,2026-06-29T11:19:26.557074+00:00
Grade 5,EVS,Chapter 5: Our Vibrant Country,Recap,7,8,introduction,44,3,6,2026-06-29T11:19:26.558443+00:00
Grade 5,EVS,Chapter 5: Our Vibrant Country,Worked Examples,7,8,introduction,44,9,8,2026-06-29T11:19:26.559307+00:00
Grade 5,EVS,Chapter 6: Some Unique Places,What We Learn,7,8,introduction,44,3,6,2026-06-29T11:19:26.560375+00:00
Grade 5,EVS,Chapter 6: Some Unique Places,Recap,7,8,introduction,44,3,6,2026-06-29T11:19:26.561716+00:00
Grade 5,EVS,Chapter 6: Some Unique Places,Worked Examples,7,8,introduction,44,5,7,2026-06-29T11:19:26.562898+00:00
Grade 5,EVS,Chapter 7: Energy — How Things Work,What We Learn,7,8,introduction,44,3,5,2026-06-29T11:19:26.564229+00:00
Grade 5,EVS,Chapter 7: Energy — How Things Work,Worked Examples,7,8,introduction,44,2,6,2026-06-29T11:19:26.565178+00:00
Grade 5,EVS,Chapter 7: Energy — How Things Work,Recap,7,8,introduction,49,2,4,2026-06-29T11:19:26.566720+00:00
Grade 5,EVS,Chapter 8: Clothes — How Things are Made,Recap,7,8,introduction,44,4,6,2026-06-29T11:19:26.567598+00:00
Grade 5,EVS,Chapter 8: Clothes — How Things are Made,Worked Examples,7,8,introduction,44,4,5,2026-06-29T11:19:26.568698+00:00
Grade 5,EVS,Chapter 8: Clothes — How Things are Made,What We Learn,7,8,introduction,44,3,6,2026-06-29T11:19:26.569761+00:00
Grade 5,EVS,Chapter 9: Rhythms of Nature,Worked Examples,7,8,introduction,44,8,7,2026-06-29T11:19:26.571007+00:00
Grade 5,EVS,Chapter 9: Rhythms of Nature,What We Learn,8,8,,50,8,8,2026-06-29T11:19:26.572384+00:00
Grade 5,EVS,Chapter 9: Rhythms of Nature,Recap,7,8,introduction,49,2,4,2026-06-29T11:19:26.574900+00:00
Grade 5,Hindi,1. किरन,Worked Examples,7,8,introduction,44,2,7,2026-06-29T11:19:26.575859+00:00
Grade 5,Hindi,1. किरन,What We Learn,7,8,introduction,52,1,6,2026-06-29T11:19:26.577038+00:00
Grade 5,Hindi,1. किरन,Recap,7,8,introduction,44,3,4,2026-06-29T11:19:26.577925+00:00
Grade 5,Hindi,10. तीन मछलियाँ,Recap,8,8,,50,2,5,2026-06-29T11:19:26.578855+00:00
Grade 5,Hindi,10. तीन मछलियाँ,What We Learn,7,8,what you will learn,44,7,3,2026-06-29T11:19:26.580747+00:00
Grade 5,Hindi,10. तीन मछलियाँ,Worked Examples,7,8,introduction,46,3,2,2026-06-29T11:19:26.581718+00:00
Grade 5,Hindi,11. हमारे ये कलामंदिर,Recap,7,8,introduction,44,2,8,2026-06-29T11:19:26.582929+00:00
Grade 5,Hindi,11. हमारे ये कलामंदिर,What We Learn,8,8,,50,1,9,2026-06-29T11:19:26.584128+00:00
Grade 5,Hindi,11. हमारे ये कलामंदिर,Worked Examples,7,8,introduction,54,2,3,2026-06-29T11:19:26.585183+00:00
Grade 5,Hindi,12. गंगा की कहानी,What We Learn,7,8,introduction,44,2,8,2026-06-29T11:19:26.586200+00:00
Grade 5,Hindi,12. गंगा की कहानी,Worked Examples,7,8,introduction,44,4,5,2026-06-29T11:19:26.587105+00:00
Grade 5,Hindi,12. गंगा की कहानी,Recap,7,8,introduction,44,3,7,2026-06-29T11:19:26.587915+00:00
Grade 5,Hindi,2. न्याय की कु सी,Recap,7,8,introduction,44,3,5,2026-06-29T11:19:26.588572+00:00
Grade 5,Hindi,2. न्याय की कु सी,What We Learn,7,8,introduction,44,2,6,2026-06-29T11:19:26.589415+00:00
Grade 5,Hindi,2. न्याय की कु सी,Worked Examples,7,8,introduction,44,4,1,2026-06-29T11:19:26.590315+00:00
Grade 5,Hindi,3. चाँद का कु रता,Recap,7,8,introduction,49,2,4,2026-06-29T11:19:26.591455+00:00
Grade 5,Hindi,3. चाँद का कु रता,Worked Examples,7,8,introduction,44,3,7,2026-06-29T11:19:26.592354+00:00
Grade 5,Hindi,3. चाँद का कु रता,What We Learn,7,8,introduction,49,2,4,2026-06-29T11:19:26.593389+00:00
Grade 5,Hindi,4. साङके न,What We Learn,7,8,introduction,54,2,3,2026-06-29T11:19:26.594330+00:00
Grade 5,Hindi,4. साङके न,Recap,8,8,,50,2,6,2026-06-29T11:19:26.595205+00:00
Grade 5,Hindi,4. साङके न,Worked Examples,7,8,introduction,44,5,7,2026-06-29T11:19:26.595983+00:00
Grade 5,Hindi,5. सुंदरिया,What We Learn,7,8,introduction,44,3,6,2026-06-29T11:19:26.597181+00:00
Grade 5,Hindi,5. सुंदरिया,Recap,7,8,introduction,44,3,5,2026-06-29T11:19:26.598352+00:00
Grade 5,Hindi,5. सुंदरिया,Worked Examples,7,8,introduction,44,3,8,2026-06-29T11:19:26.599509+00:00
Grade 5,Hindi,6. चतुर चित्रकार,What We Learn,7,8,introduction,52,1,6,2026-06-29T11:19:26.600707+00:00
Grade 5,Hindi,6. चतुर चित्रकार,Worked Examples,7,8,introduction,44,2,6,2026-06-29T11:19:26.601749+00:00
Grade 5,Hindi,6. चतुर चित्रकार,Recap,7,8,introduction,44,2,6,2026-06-29T11:19:26.602622+00:00
Grade 5,Hindi,7. मेरा बचपन,Worked Examples,7,8,introduction,44,2,7,2026-06-29T11:19:26.603608+00:00
Grade 5,Hindi,7. मेरा बचपन,What We Learn,8,8,,52,1,7,2026-06-29T11:19:26.604615+00:00
Grade 5,Hindi,7. मेरा बचपन,Recap,7,8,introduction,44,2,7,2026-06-29T11:19:26.605518+00:00
Grade 5,Hindi,8. काजीरंगा राष्ट्ीय उद्ान की यात्,Worked Examples,7,8,introduction,44,3,3,2026-06-29T11:19:26.606585+00:00
Grade 5,Hindi,8. काजीरंगा राष्ट्ीय उद्ान की यात्,What We Learn,7,8,introduction,44,1,8,2026-06-29T11:19:26.607853+00:00
Grade 5,Hindi,8. काजीरंगा राष्ट्ीय उद्ान की यात्,Recap,7,8,introduction,44,2,5,2026-06-29T11:19:26.608727+00:00
Grade 5,Hindi,9. न्याय,Worked Examples,7,8,introduction,44,2,7,2026-06-29T11:19:26.609724+00:00
Grade 5,Hindi,9. न्याय,What We Learn,7,8,introduction,44,2,6,2026-06-29T11:19:26.610663+00:00
Grade 5,Hindi,9. न्याय,Recap,7,8,introduction,44,3,5,2026-06-29T11:19:26.611631+00:00
Grade 5,Maths,Chapter 1: We the Travellers — I,Recap,7,8,introduction,44,3,5,2026-06-29T11:19:26.612739+00:00
Grade 5,Maths,Chapter 1: We the Travellers — I,Worked Examples,7,8,introduction,44,3,5,2026-06-29T11:19:26.614110+00:00
Grade 5,Maths,Chapter 1: We the Travellers — I,What We Learn,7,8,introduction,44,3,5,2026-06-29T11:19:26.615290+00:00
Grade 5,Maths,Chapter 10: Symmetrical Designs,Worked Examples,7,8,introduction,44,2,5,2026-06-29T11:19:26.616387+00:00
Grade 5,Maths,Chapter 10: Symmetrical Designs,What We Learn,7,8,introduction,44,3,5,2026-06-29T11:19:26.617408+00:00
Grade 5,Maths,Chapter 10: Symmetrical Designs,Recap,7,8,introduction,44,4,5,2026-06-29T11:19:26.618245+00:00
Grade 5,Maths,Chapter 11: Grandmother’s Quilt,What We Learn,7,8,introduction,49,2,4,2026-06-29T11:19:26.619536+00:00
Grade 5,Maths,Chapter 11: Grandmother’s Quilt,Worked Examples,7,8,introduction,44,3,7,2026-06-29T11:19:26.620697+00:00
Grade 5,Maths,Chapter 11: Grandmother’s Quilt,Recap,7,8,introduction,44,5,5,2026-06-29T11:19:26.621424+00:00
Grade 5,Maths,Chapter 12: Racing Seconds,Worked Examples,7,8,introduction,44,4,3,2026-06-29T11:19:26.622479+00:00
Grade 5,Maths,Chapter 12: Racing Seconds,Recap,7,8,introduction,44,3,6,2026-06-29T11:19:26.623231+00:00
Grade 5,Maths,Chapter 12: Racing Seconds,What We Learn,7,8,introduction,44,2,7,2026-06-29T11:19:26.624708+00:00
Grade 5,Maths,Chapter 13: Animal Jumps,Worked Examples,7,8,introduction,52,1,6,2026-06-29T11:19:26.625938+00:00
Grade 5,Maths,Chapter 13: Animal Jumps,What We Learn,7,8,introduction,44,3,5,2026-06-29T11:19:26.626900+00:00
Grade 5,Maths,Chapter 13: Animal Jumps,Recap,7,8,introduction,44,7,6,2026-06-29T11:19:26.627973+00:00
Grade 5,Maths,Chapter 14: Maps and Locations,Worked Examples,7,8,introduction,52,1,6,2026-06-29T11:19:26.629199+00:00
Grade 5,Maths,Chapter 14: Maps and Locations,Recap,7,8,introduction,44,4,5,2026-06-29T11:19:26.630055+00:00
Grade 5,Maths,Chapter 14: Maps and Locations,What We Learn,7,8,introduction,46,1,7,2026-06-29T11:19:26.631169+00:00
Grade 5,Maths,Chapter 15: Data Through Pictures,Worked Examples,7,8,introduction,44,6,5,2026-06-29T11:19:26.632687+00:00
Grade 5,Maths,Chapter 15: Data Through Pictures,What We Learn,7,8,introduction,44,8,6,2026-06-29T11:19:26.633923+00:00
Grade 5,Maths,Chapter 15: Data Through Pictures,Recap,7,8,introduction,44,8,8,2026-06-29T11:19:26.634764+00:00
Grade 5,Maths,Chapter 2: Fractions,What We Learn,7,8,introduction,44,3,3,2026-06-29T11:19:26.635913+00:00
Grade 5,Maths,Chapter 2: Fractions,Recap,7,8,introduction,44,2,5,2026-06-29T11:19:26.637128+00:00
Grade 5,Maths,Chapter 2: Fractions,Worked Examples,7,8,introduction,44,3,4,2026-06-29T11:19:26.638357+00:00
Grade 5,Maths,Chapter 3: Angles as Turns,Worked Examples,7,8,introduction,44,3,3,2026-06-29T11:19:26.639612+00:00
Grade 5,Maths,Chapter 3: Angles as Turns,Recap,7,8,introduction,44,3,4,2026-06-29T11:19:26.640765+00:00
Grade 5,Maths,Chapter 3: Angles as Turns,What We Learn,6,8,introduction;what you will learn,38,8,4,2026-06-29T11:19:26.642391+00:00
Grade 5,Maths,Chapter 4: We the Travellers — II,Worked Examples,7,8,introduction,44,4,5,2026-06-29T11:19:26.643207+00:00
Grade 5,Maths,Chapter 4: We the Travellers — II,Recap,7,8,introduction,44,2,7,2026-06-29T11:19:26.644495+00:00
Grade 5,Maths,Chapter 4: We the Travellers — II,What We Learn,7,8,introduction,44,6,5,2026-06-29T11:19:26.645699+00:00
Grade 5,Maths,Chapter 5: Far and Near,What We Learn,7,8,introduction,44,4,4,2026-06-29T11:19:26.646916+00:00
Grade 5,Maths,Chapter 5: Far and Near,Worked Examples,7,8,introduction,44,4,6,2026-06-29T11:19:26.647873+00:00
Grade 5,Maths,Chapter 5: Far and Near,Recap,7,8,introduction,44,7,8,2026-06-29T11:19:26.648906+00:00
Grade 5,Maths,Chapter 6: The Dairy Farm,What We Learn,7,8,introduction,44,6,5,2026-06-29T11:19:26.650193+00:00
Grade 5,Maths,Chapter 6: The Dairy Farm,Worked Examples,7,8,introduction,44,8,4,2026-06-29T11:19:26.651258+00:00
Grade 5,Maths,Chapter 6: The Dairy Farm,Recap,7,8,introduction,44,6,7,2026-06-29T11:19:26.653230+00:00
Grade 5,Maths,Chapter 7: Shapes and Patterns,Recap,7,8,introduction,44,5,6,2026-06-29T11:19:26.654095+00:00
Grade 5,Maths,Chapter 7: Shapes and Patterns,Worked Examples,7,8,introduction,44,4,6,2026-06-29T11:19:26.655108+00:00
Grade 5,Maths,Chapter 7: Shapes and Patterns,What We Learn,7,8,introduction,44,2,6,2026-06-29T11:19:26.656390+00:00
Grade 5,Maths,Chapter 8: Weight and Capacity,Recap,7,8,introduction,44,5,6,2026-06-29T11:19:26.657168+00:00
Grade 5,Maths,Chapter 8: Weight and Capacity,What We Learn,7,8,introduction,44,7,7,2026-06-29T11:19:26.658410+00:00
Grade 5,Maths,Chapter 8: Weight and Capacity,Worked Examples,7,8,introduction,44,4,6,2026-06-29T11:19:26.659783+00:00
Grade 5,Maths,Chapter 9: Coconut Farm,Recap,7,8,introduction,44,4,4,2026-06-29T11:19:26.661121+00:00
Grade 5,Maths,Chapter 9: Coconut Farm,Worked Examples,7,8,introduction,44,3,3,2026-06-29T11:19:26.662462+00:00
Grade 5,Maths,Chapter 9: Coconut Farm,What We Learn,7,8,introduction,44,8,5,2026-06-29T11:19:26.663966+00:00
Grade 6,English,Unit 1: Fables and Folk Tales,Worked examples,7,8,introduction,44,2,6,2026-06-29T11:19:26.665104+00:00
Grade 6,English,Unit 1: Fables and Folk Tales,Revision and recap,7,8,introduction,44,5,5,2026-06-29T11:19:26.665889+00:00
Grade 6,English,Unit 1: Fables and Folk Tales,Concept introduction,8,8,,50,4,3,2026-06-29T11:19:26.666827+00:00
Grade 6,English,Unit 1: Fables and Folk Tales,Core explanation,8,8,,50,3,3,2026-06-29T11:19:26.667664+00:00
Grade 6,English,Unit 2: Friendship,Worked examples,7,8,introduction,44,4,4,2026-06-29T11:19:26.668623+00:00
Grade 6,English,Unit 2: Friendship,Concept introduction,8,8,,50,5,4,2026-06-29T11:19:26.669326+00:00
Grade 6,English,Unit 2: Friendship,Core explanation,7,8,introduction,44,3,7,2026-06-29T11:19:26.670268+00:00
Grade 6,English,Unit 2: Friendship,Revision and recap,7,8,introduction,44,5,4,2026-06-29T11:19:26.670888+00:00
Grade 6,English,Unit 3: Nurturing Nature,Revision and recap,7,8,introduction,44,3,5,2026-06-29T11:19:26.671961+00:00
Grade 6,English,Unit 3: Nurturing Nature,Core explanation,7,8,introduction,44,2,6,2026-06-29T11:19:26.673073+00:00
Grade 6,English,Unit 3: Nurturing Nature,Concept introduction,8,8,,50,4,6,2026-06-29T11:19:26.674109+00:00
Grade 6,English,Unit 3: Nurturing Nature,Worked examples,7,8,introduction,44,7,6,2026-06-29T11:19:26.675480+00:00
Grade 6,English,Unit 4: Sports and Wellness,Worked examples,7,8,introduction,44,5,6,2026-06-29T11:19:26.676465+00:00
Grade 6,English,Unit 4: Sports and Wellness,Concept introduction,8,8,,50,3,6,2026-06-29T11:19:26.677343+00:00
Grade 6,English,Unit 4: Sports and Wellness,Revision and recap,7,8,introduction,56,1,5,2026-06-29T11:19:26.678449+00:00
Grade 6,English,Unit 4: Sports and Wellness,Core explanation,7,8,introduction,44,3,4,2026-06-29T11:19:26.679716+00:00
Grade 6,English,Unit 5: Culture and Tradition,Core explanation,7,8,introduction,44,3,6,2026-06-29T11:19:26.680853+00:00
Grade 6,English,Unit 5: Culture and Tradition,Worked examples,7,8,introduction,44,9,9,2026-06-29T11:19:26.681831+00:00
Grade 6,English,Unit 5: Culture and Tradition,Concept introduction,8,8,,50,3,5,2026-06-29T11:19:26.682783+00:00
Grade 6,English,Unit 5: Culture and Tradition,Revision and recap,8,8,,50,3,6,2026-06-29T11:19:26.683530+00:00
Grade 6,Hindi,1. मातृभूमि,Core explanation,7,8,introduction,44,3,5,2026-06-29T11:19:26.684705+00:00
Grade 6,Hindi,1. मातृभूमि,Worked examples,7,8,introduction,44,4,7,2026-06-29T11:19:26.685899+00:00
Grade 6,Hindi,1. मातृभूमि,Concept introduction,8,8,,50,3,3,2026-06-29T11:19:26.686825+00:00
Grade 6,Hindi,1. मातृभूमि,Revision and recap,7,8,introduction,44,3,6,2026-06-29T11:19:26.687684+00:00
Grade 6,Hindi,10. परीक्ा,Core explanation,7,8,introduction,44,3,3,2026-06-29T11:19:26.688554+00:00
Grade 6,Hindi,10. परीक्ा,Revision and recap,7,8,introduction,44,3,3,2026-06-29T11:19:26.689289+00:00
Grade 6,Hindi,10. परीक्ा,Concept introduction,8,8,,50,3,5,2026-06-29T11:19:26.690163+00:00
Grade 6,Hindi,10. परीक्ा,Worked examples,7,8,introduction,44,4,6,2026-06-29T11:19:26.691108+00:00
Grade 6,Hindi,11. चेतक की वीरता,Core explanation,7,8,introduction,44,4,3,2026-06-29T11:19:26.692157+00:00
Grade 6,Hindi,11. चेतक की वीरता,Revision and recap,7,8,introduction,44,2,5,2026-06-29T11:19:26.693037+00:00
Grade 6,Hindi,11. चेतक की वीरता,Worked examples,7,8,introduction,44,4,5,2026-06-29T11:19:26.693900+00:00
Grade 6,Hindi,11. चेतक की वीरता,Concept introduction,8,8,,50,3,3,2026-06-29T11:19:26.694787+00:00
Grade 6,Hindi,12. हिंद महासागर में छोटा-सा हिंदुस्ान,Concept introduction,8,8,,65,2,2,2026-06-29T11:19:26.695730+00:00
Grade 6,Hindi,12. हिंद महासागर में छोटा-सा हिंदुस्ान,Worked examples,7,8,introduction,44,6,6,2026-06-29T11:19:26.696725+00:00
Grade 6,Hindi,12. हिंद महासागर में छोटा-सा हिंदुस्ान,Revision and recap,7,8,introduction,44,4,3,2026-06-29T11:19:26.697781+00:00
Grade 6,Hindi,12. हिंद महासागर में छोटा-सा हिंदुस्ान,Core explanation,7,8,introduction,44,4,4,2026-06-29T11:19:26.699058+00:00
Grade 6,Hindi,13. पेड़ की बात,Core explanation,7,8,introduction,44,4,5,2026-06-29T11:19:26.700264+00:00
Grade 6,Hindi,13. पेड़ की बात,Worked examples,8,8,,50,5,4,2026-06-29T11:19:26.701143+00:00
Grade 6,Hindi,13. पेड़ की बात,Concept introduction,7,8,introduction,44,3,3,2026-06-29T11:19:26.702269+00:00
Grade 6,Hindi,13. पेड़ की बात,Revision and recap,7,8,introduction,44,4,5,2026-06-29T11:19:26.703274+00:00
Grade 6,Hindi,2. गोल,Core explanation,7,8,introduction,44,3,3,2026-06-29T11:19:26.704257+00:00
Grade 6,Hindi,2. गोल,Worked examples,7,8,introduction,49,2,4,2026-06-29T11:19:26.705298+00:00
Grade 6,Hindi,2. गोल,Concept introduction,8,8,,50,3,3,2026-06-29T11:19:26.706086+00:00
Grade 6,Hindi,2. गोल,Revision and recap,0,8,introduction;what you will learn;simple explanation;step-by-step breakdown;worked example;common mistake;quick check question;summary,0,8,0,2026-06-29T11:19:26.707406+00:00
Grade 6,Hindi,3. पहली बूँद,Worked examples,7,8,introduction,52,1,6,2026-06-29T11:19:26.708664+00:00
Grade 6,Hindi,3. पहली बूँद,Revision and recap,8,8,,82,1,1,2026-06-29T11:19:26.711313+00:00
Grade 6,Hindi,3. पहली बूँद,Core explanation,8,8,,50,3,5,2026-06-29T11:19:26.712145+00:00
Grade 6,Hindi,3. पहली बूँद,Concept introduction,8,8,,52,3,2,2026-06-29T11:19:26.713190+00:00
Grade 6,Hindi,4. हार की जीत,Core explanation,7,8,introduction,44,3,5,2026-06-29T11:19:26.714470+00:00
Grade 6,Hindi,4. हार की जीत,Revision and recap,0,8,introduction;what you will learn;simple explanation;step-by-step breakdown;worked example;common mistake;quick check question;summary,0,8,0,2026-06-29T11:19:26.715710+00:00
Grade 6,Hindi,4. हार की जीत,Concept introduction,8,8,,50,3,5,2026-06-29T11:19:26.716609+00:00
Grade 6,Hindi,4. हार की जीत,Worked examples,7,8,introduction,44,4,7,2026-06-29T11:19:26.717435+00:00
Grade 6,Hindi,5. रहीम के दोहे,Core explanation,7,8,introduction,44,3,3,2026-06-29T11:19:26.718792+00:00
Grade 6,Hindi,5. रहीम के दोहे,Worked examples,7,8,introduction,44,2,7,2026-06-29T11:19:26.719822+00:00
Grade 6,Hindi,5. रहीम के दोहे,Concept introduction,8,8,,50,3,4,2026-06-29T11:19:26.720746+00:00
Grade 6,Hindi,5. रहीम के दोहे,Revision and recap,7,8,introduction,44,3,5,2026-06-29T11:19:26.721680+00:00
Grade 6,Hindi,6. मेरी माँ,Concept introduction,7,8,introduction,49,2,4,2026-06-29T11:19:26.723010+00:00
Grade 6,Hindi,6. मेरी माँ,Revision and recap,7,8,introduction,44,4,6,2026-06-29T11:19:26.724003+00:00
Grade 6,Hindi,6. मेरी माँ,Core explanation,7,8,introduction,44,4,6,2026-06-29T11:19:26.725109+00:00
Grade 6,Hindi,6. मेरी माँ,Worked examples,7,8,introduction,52,1,6,2026-06-29T11:19:26.726514+00:00
Grade 6,Hindi,7. जलाते चलो,Worked examples,7,8,introduction,52,1,6,2026-06-29T11:19:26.727875+00:00
Grade 6,Hindi,7. जलाते चलो,Concept introduction,8,8,,50,2,5,2026-06-29T11:19:26.728818+00:00
Grade 6,Hindi,7. जलाते चलो,Revision and recap,0,8,introduction;what you will learn;simple explanation;step-by-step breakdown;worked example;common mistake;quick check question;summary,0,8,0,2026-06-29T11:19:26.730027+00:00
Grade 6,Hindi,7. जलाते चलो,Core explanation,7,8,introduction,44,3,3,2026-06-29T11:19:26.731109+00:00
Grade 6,Hindi,8. समरिया और मबहू नृत्य,Revision and recap,7,8,introduction,44,3,4,2026-06-29T11:19:26.732355+00:00
Grade 6,Hindi,8. समरिया और मबहू नृत्य,Worked examples,7,8,introduction,44,4,5,2026-06-29T11:19:26.733374+00:00
Grade 6,Hindi,8. समरिया और मबहू नृत्य,Core explanation,7,8,introduction,44,3,5,2026-06-29T11:19:26.734596+00:00
Grade 6,Hindi,8. समरिया और मबहू नृत्य,Concept introduction,8,8,,50,3,3,2026-06-29T11:19:26.735439+00:00
Grade 6,Hindi,9. मैया मैं नमहं माखन खायो,Core explanation,7,8,introduction,44,3,3,2026-06-29T11:19:26.736705+00:00
Grade 6,Hindi,9. मैया मैं नमहं माखन खायो,Concept introduction,7,8,introduction,44,2,5,2026-06-29T11:19:26.737607+00:00
Grade 6,Hindi,9. मैया मैं नमहं माखन खायो,Revision and recap,7,8,introduction,44,4,3,2026-06-29T11:19:26.738434+00:00
Grade 6,Hindi,9. मैया मैं नमहं माखन खायो,Worked examples,7,8,introduction,44,4,5,2026-06-29T11:19:26.739366+00:00
Grade 6,Maths,Chapter 1 Patterns in Mathematics,Worked examples,3,8,introduction;what you will learn;step-by-step breakdown;common mistake;summary,19,7,2,2026-06-29T11:19:26.740390+00:00
Grade 6,Maths,Chapter 1 Patterns in Mathematics,Concept introduction,8,8,,50,4,3,2026-06-29T11:19:26.741428+00:00
Grade 6,Maths,Chapter 1 Patterns in Mathematics,Core explanation,7,8,introduction,44,8,5,2026-06-29T11:19:26.742794+00:00
Grade 6,Maths,Chapter 1 Patterns in Mathematics,Revision and recap,7,8,introduction,44,7,6,2026-06-29T11:19:26.743984+00:00
Grade 6,Maths,Chapter 10 The Other Side of Zero,Revision and recap,7,8,introduction,44,7,5,2026-06-29T11:19:26.745343+00:00
Grade 6,Maths,Chapter 10 The Other Side of Zero,Concept introduction,7,8,introduction,44,3,4,2026-06-29T11:19:26.746420+00:00
Grade 6,Maths,Chapter 10 The Other Side of Zero,Worked examples,7,8,introduction,44,4,5,2026-06-29T11:19:26.747543+00:00
Grade 6,Maths,Chapter 10 The Other Side of Zero,Core explanation,7,8,introduction,44,3,6,2026-06-29T11:19:26.748904+00:00
Grade 6,Maths,Chapter 2 Lines and Angles,Worked examples,7,8,introduction,44,3,3,2026-06-29T11:19:26.750178+00:00
Grade 6,Maths,Chapter 2 Lines and Angles,Core explanation,7,8,introduction,44,8,4,2026-06-29T11:19:26.751432+00:00
Grade 6,Maths,Chapter 2 Lines and Angles,Revision and recap,7,8,introduction,44,7,4,2026-06-29T11:19:26.752738+00:00
Grade 6,Maths,Chapter 2 Lines and Angles,Concept introduction,8,8,,50,8,4,2026-06-29T11:19:26.753919+00:00
Grade 6,Maths,Chapter 3 Number Play,Core explanation,7,8,introduction,44,9,6,2026-06-29T11:19:26.755036+00:00
Grade 6,Maths,Chapter 3 Number Play,Concept introduction,7,8,introduction,44,8,6,2026-06-29T11:19:26.756405+00:00
Grade 6,Maths,Chapter 3 Number Play,Revision and recap,7,8,introduction,44,4,5,2026-06-29T11:19:26.757612+00:00
Grade 6,Maths,Chapter 3 Number Play,Worked examples,7,8,introduction,44,9,8,2026-06-29T11:19:26.758830+00:00
Grade 6,Maths,Chapter 4 Data Handling and Presentation,Worked examples,7,8,introduction,44,6,7,2026-06-29T11:19:26.759824+00:00
Grade 6,Maths,Chapter 4 Data Handling and Presentation,Revision and recap,7,8,introduction,44,8,8,2026-06-29T11:19:26.760863+00:00
Grade 6,Maths,Chapter 4 Data Handling and Presentation,Core explanation,7,8,introduction,44,6,4,2026-06-29T11:19:26.762184+00:00
Grade 6,Maths,Chapter 4 Data Handling and Presentation,Concept introduction,8,8,,50,4,6,2026-06-29T11:19:26.763156+00:00
Grade 6,Maths,Chapter 5 Prime Time,Concept introduction,7,8,introduction,44,3,5,2026-06-29T11:19:26.764177+00:00
Grade 6,Maths,Chapter 5 Prime Time,Worked examples,7,8,introduction,44,3,4,2026-06-29T11:19:26.765238+00:00
Grade 6,Maths,Chapter 5 Prime Time,Revision and recap,7,8,introduction,49,2,4,2026-06-29T11:19:26.767040+00:00
Grade 6,Maths,Chapter 5 Prime Time,Core explanation,7,8,introduction,44,4,5,2026-06-29T11:19:26.767995+00:00
Grade 6,Maths,Chapter 6 Perimeter and Area,Revision and recap,7,8,introduction,44,3,6,2026-06-29T11:19:26.768687+00:00
Grade 6,Maths,Chapter 6 Perimeter and Area,Core explanation,7,8,introduction,44,3,6,2026-06-29T11:19:26.769553+00:00
Grade 6,Maths,Chapter 6 Perimeter and Area,Worked examples,7,8,introduction,44,5,6,2026-06-29T11:19:26.770457+00:00
Grade 6,Maths,Chapter 6 Perimeter and Area,Concept introduction,8,8,,95,0,1,2026-06-29T11:19:26.772609+00:00
Grade 6,Maths,Chapter 7 Fractions,Concept introduction,8,8,,50,4,5,2026-06-29T11:19:26.773682+00:00
Grade 6,Maths,Chapter 7 Fractions,Core explanation,7,8,introduction,44,9,5,2026-06-29T11:19:26.775143+00:00
Grade 6,Maths,Chapter 7 Fractions,Worked examples,7,8,introduction,44,9,6,2026-06-29T11:19:26.776234+00:00
Grade 6,Maths,Chapter 7 Fractions,Revision and recap,7,8,introduction,44,5,5,2026-06-29T11:19:26.777292+00:00
Grade 6,Maths,Chapter 8 Playing with Constructions,Concept introduction,8,8,,50,9,6,2026-06-29T11:19:26.778405+00:00
Grade 6,Maths,Chapter 8 Playing with Constructions,Worked examples,7,8,introduction,44,3,6,2026-06-29T11:19:26.779361+00:00
Grade 6,Maths,Chapter 8 Playing with Constructions,Core explanation,7,8,introduction,44,4,6,2026-06-29T11:19:26.780632+00:00
Grade 6,Maths,Chapter 8 Playing with Constructions,Revision and recap,7,8,introduction,44,4,4,2026-06-29T11:19:26.781888+00:00
Grade 6,Maths,Chapter 9 Symmetry,Revision and recap,7,8,introduction,44,4,4,2026-06-29T11:19:26.782984+00:00
Grade 6,Maths,Chapter 9 Symmetry,Concept introduction,7,8,introduction,44,8,7,2026-06-29T11:19:26.784185+00:00
Grade 6,Maths,Chapter 9 Symmetry,Core explanation,7,8,introduction,44,4,5,2026-06-29T11:19:26.785256+00:00
Grade 6,Maths,Chapter 9 Symmetry,Worked examples,5,8,introduction;what you will learn;common mistake,31,9,4,2026-06-29T11:19:26.786787+00:00
Grade 6,Science,Chapter 1: The Wonderful World of Science,Core explanation,7,8,introduction,44,3,5,2026-06-29T11:19:26.787664+00:00
Grade 6,Science,Chapter 1: The Wonderful World of Science,Concept introduction,7,8,introduction,44,3,6,2026-06-29T11:19:26.788456+00:00
Grade 6,Science,Chapter 1: The Wonderful World of Science,Revision and recap,7,8,introduction,44,2,5,2026-06-29T11:19:26.789703+00:00
Grade 6,Science,Chapter 1: The Wonderful World of Science,Worked examples,7,8,introduction,44,5,6,2026-06-29T11:19:26.790736+00:00
Grade 6,Science,Chapter 10: Living Creatures: Exploring their Characteristics,Concept introduction,7,8,introduction,44,4,5,2026-06-29T11:19:26.791658+00:00
Grade 6,Science,Chapter 10: Living Creatures: Exploring their Characteristics,Revision and recap,7,8,introduction,44,3,7,2026-06-29T11:19:26.792826+00:00
Grade 6,Science,Chapter 10: Living Creatures: Exploring their Characteristics,Worked examples,2,8,introduction;what you will learn;simple explanation;step-by-step breakdown;common mistake;summary,12,7,0,2026-06-29T11:19:26.793966+00:00
Grade 6,Science,Chapter 10: Living Creatures: Exploring their Characteristics,Core explanation,7,8,introduction,44,4,5,2026-06-29T11:19:26.795002+00:00
Grade 6,Science,Chapter 11: Nature’s Treasures,Concept introduction,7,8,introduction,44,2,7,2026-06-29T11:19:26.796050+00:00
Grade 6,Science,Chapter 11: Nature’s Treasures,Worked examples,7,8,introduction,44,2,6,2026-06-29T11:19:26.796992+00:00
Grade 6,Science,Chapter 11: Nature’s Treasures,Core explanation,7,8,introduction,44,3,5,2026-06-29T11:19:26.798131+00:00
Grade 6,Science,Chapter 11: Nature’s Treasures,Revision and recap,7,8,introduction,44,2,6,2026-06-29T11:19:26.799266+00:00
Grade 6,Science,Chapter 12: Beyond Earth,Concept introduction,7,8,introduction,59,2,2,2026-06-29T11:19:26.800587+00:00
Grade 6,Science,Chapter 12: Beyond Earth,Worked examples,7,8,introduction,44,7,4,2026-06-29T11:19:26.802129+00:00
Grade 6,Science,Chapter 12: Beyond Earth,Core explanation,7,8,introduction,44,3,5,2026-06-29T11:19:26.803458+00:00
Grade 6,Science,Chapter 12: Beyond Earth,Revision and recap,7,8,introduction,44,8,6,2026-06-29T11:19:26.804916+00:00
Grade 6,Science,Chapter 2: Diversity in the Living World,Core explanation,7,8,introduction,44,9,6,2026-06-29T11:19:26.806243+00:00
Grade 6,Science,Chapter 2: Diversity in the Living World,Concept introduction,8,8,,50,3,5,2026-06-29T11:19:26.807332+00:00
Grade 6,Science,Chapter 2: Diversity in the Living World,Worked examples,7,8,introduction,44,2,6,2026-06-29T11:19:26.808176+00:00
